Time, Agent ID, Device Type, Accelerometer X, Accelerometer Y, Accelerometer Z, Gyroscope X, Gyroscope Y, Gyroscope Z, Longitude Degrees, Longitude Minutes, Latitude Degrees, Latitude Minutes, Altitude
23:39:33, Human_0, Phone, -2.211407, 9.764091, 0.3229305, -0.0382723, 278.7404, 0.02193739, -110.9608, 34.30346, 37.07899, 19.86877, 0.9490091
23:39:33, Human_0, SmartWatch, -2.188192, 9.728677, 0.310243, 0.03682904, 278.7112, -0.03958315, -111.0293, 34.30252, 37.03934, 19.8642, 1.419507
23:39:33, Human_1, Phone, 0.08963027, 9.789232, -0.004661553, 358.7241, 62.62985, 12.45024, -111.0947, 34.80519, 37.03496, 20.30479, 0.9574652
23:39:33, Human_1, SmartWatch, 0.02134552, 9.766883, 0.06433842, 17.32289, 46.47057, 63.02656, -111.0247, 34.80315, 36.92619, 20.30685, 1.063952
23:39:33, Human_2, Phone, 0.1071027, 9.747293, 0.1430851, 358.7403, 14.05399, 12.49739, -110.9127, 34.77381, 36.99437, 19.79233, 0.9280788
23:39:33, Human_2, SmartWatch, 0.0956284, 9.760751, -0.3377934, 17.36882, 357.8693, 63.01448, -111.0798, 34.77086, 36.93185, 19.7921, 0.9276577
23:39:33, Human_3, Phone, 1.49194, 9.682437, 1.920022, 339.2831, 44.07376, 3.538513, -110.9742, 34.75174, 36.95079, 20.03906, 0.8332511
23:39:33, Human_3, SmartWatch, 2.072082, 10.01712, 2.978248, 6.237347, 48.53601, 56.93035, -111.0263, 34.74974, 37.04527, 20.04112, 0.981949
23:39:33, Human_4, Phone, 0.2515023, 9.802721, -0.3648225, 1.001461, 195.6898, 9.478571, -110.9349, 35.1199, 37.0472, 20.26497, 0.8575485
23:39:33, Human_4, SmartWatch, 0.3970951, 9.755011, 0.1227156, 16.17649, 182.4402, 62.1023, -110.9001, 35.12281, 37.0892, 20.26497, 1.023739
23:39:33, Human_5, Phone, 0.5264684, 9.802472, -0.2781444, 358.8407, 108.7279, 12.43924, -110.943, 34.67007, 37.0464, 20.34302, 0.9842159
23:39:33, Human_5, SmartWatch, -0.8782666, 9.868609, -0.1660606, 17.32709, 92.5597, 62.87503, -110.9465, 34.6702, 36.99247, 20.34599, 1.08136
23:39:33, Human_6, Phone, -1.273335, 9.728289, 0.06767318, 358.8713, 109.752, 10.10596, -111.0235, 34.48726, 36.94825, 20.14664, 0.9607327
23:39:33, Human_7, Phone, -2.234622, 9.756934, -1.10041, 348.8736, 177.3722, 2.987427, -111.0132, 34.80711, 36.96631, 20.14961, 0.9687241
23:39:33, Human_7, SmartWatch, -1.975471, 9.830422, -0.6879187, 12.37031, 151.9686, 59.15408, -111.0728, 34.80964, 37.03311, 20.1503, 0.9439424
23:39:33, Human_8, Phone, 1.97831, 9.710498, -1.757747, 1.342544, 162.0248, 6.817923, -110.9588, 34.97669, 36.978, 20.12924, 0.9899368
23:39:33, Human_8, SmartWatch, 1.742417, 9.776871, -0.01061229, 16.84532, 154.1919, 60.40022, -110.951, 34.97909, 36.93772, 20.13107, 1.054486
23:39:33, Human_9, Phone, 0.004161961, 9.796928, 2.070453, 358.8868, 177.5714, 12.43708, -110.9653, 34.72143, 36.99444, 20.37529, 0.938685
23:39:33, Human_9, SmartWatch, 1.863721, 9.842787, -2.762497, 17.27625, 161.4105, 62.99966, -110.9187, 34.72422, 36.90151, 20.37621, 1.056028
23:39:33, Human_10, Phone, -2.134698, 10.02072, -0.1702281, 354.5676, 278.8616, 5.687999, -110.9123, 34.70966, 37.06911, 20.12169, 0.92891
23:39:33, Human_10, SmartWatch, 0.1216134, 9.849257, -0.134951, 9.221478, 275.7585, 61.93163, -110.9012, 34.70971, 36.94542, 20.11894, 1.07917
23:39:33, Human_11, Phone, -0.9081387, 9.92955, 0.8551657, 346.4285, 15.80915, 1.433241, -111.0576, 34.59872, 36.96388, 20.13313, 0.8884099
23:39:33, Human_11, SmartWatch, -0.9351382, 9.647303, -0.5299824, 2.789231, 20.37206, 57.97546, -111.0856, 34.59605, 37.01324, 20.13405, 1.0589
23:39:33, Human_12, Phone, -0.9167023, 9.780523, -0.146523, 1.17188, 85.39746, 358.8357, -110.9436, 34.52081, 36.95529, 20.12993, 0.943455
23:39:33, Human_12, SmartWatch, -0.9345658, 9.852746, -0.161094, 321.0305, 207.8672, 309.9173, -111.0308, 34.52129, 36.95642, 20.13176, 1.381474
23:39:33, Human_13, Phone, 4.035644, 9.794366, 1.572506, 359.2786, 54.33387, 358.7863, -110.996, 34.65784, 37.01292, 20.43571, 0.8226429
23:39:33, Human_13, SmartWatch, -4.800964, 9.793945, -5.775691, 331.1769, 140.3012, 354.6973, -110.9596, 34.65637, 37.01069, 20.43686, 1.216366
23:39:33, Human_14, Phone, 9.174884, 9.772462, 4.97477, 358.7936, 42.62529, 12.36242, -111.051, 34.80807, 36.96595, 20.56435, 0.9104584
23:39:33, Human_14, SmartWatch, -8.895168, 9.793172, -15.1116, 17.33717, 26.46403, 62.94244, -110.9378, 34.80542, 37.08024, 20.56572, 1.100381
23:39:33, Human_15, Phone, -0.0638318, 9.730229, -0.01211821, 359.2583, 338.0451, 358.8019, -111.0372, 35.19201, 36.98334, 20.01251, 0.9366733
23:39:33, Human_15, SmartWatch, 0.2915463, 9.837093, -0.1841364, 331.2395, 63.95974, 354.8338, -110.9741, 35.19045, 37.02162, 20.01137, 1.128263
23:39:33, Human_16, Phone, -0.2322042, 9.826052, 1.56888, 358.5543, 182.4168, 359.5677, -110.9672, 35.11758, 36.97248, 20.38147, 1.03373
23:39:33, Human_16, SmartWatch, -0.1634266, 9.838859, 1.623493, 295.6804, 168.7597, 109.4386, -111.036, 35.11914, 37.0094, 20.38033, 1.306005
23:39:33, Human_17, Phone, 0.01596282, 9.768709, 0.2257425, 358.7997, 18.07681, 12.35888, -111.0124, 34.76553, 36.91637, 20.48744, 0.917725
23:39:33, Human_17, SmartWatch, 0.06294923, 9.828247, -0.3885226, 17.24992, 1.890763, 63.00026, -110.9302, 34.76258, 37.0179, 20.48744, 0.9938028
23:39:33, Human_18, Phone, 0.2501335, 9.563056, 2.049558, 337.6793, 16.64946, 3.164694, -111.0057, 35.09047, 37.09907, 20.03036, 0.9507815
23:39:33, Human_18, SmartWatch, 0.3060156, 9.874882, 2.575669, 358.4129, 23.21976, 53.41216, -110.9036, 35.08771, 36.9851, 20.03151, 1.03935
23:39:33, Human_19, Phone, 2.14592, 10.2801, -0.04252023, 350.2336, 101.4591, 5.420044, -111.0266, 34.82047, 37.00902, 20.12329, 0.8434508
23:39:33, Human_19, SmartWatch, 0.100492, 9.611047, -0.1078801, 6.098058, 102.0148, 60.86441, -111.0655, 34.82077, 36.93441, 20.12604, 0.9166883
23:39:33, Human_20, Phone, 0.08680394, 9.784411, 0.2865993, 0.01373136, 129.7463, 0.05430911, -111.0095, 34.43008, 37.00387, 20.39703, 1.000983
23:39:33, Human_20, SmartWatch, -0.6115146, 9.851481, 1.096759, -0.04322729, 129.7471, -0.05324817, -111.033, 34.43321, 36.90972, 20.40047, 1.427275
23:39:33, Human_21, Phone, -0.5413681, 9.710381, -1.027578, 353.9073, 193.2044, 10.11254, -110.9713, 35.11208, 36.91573, 20.38353, 0.9721774
23:39:33, Human_21, SmartWatch, -0.6222404, 9.643635, -1.361294, 23.46101, 176.8846, 60.90789, -110.9411, 35.11504, 36.99006, 20.38399, 1.00805
23:39:33, Human_22, Phone, 0.7311119, 9.718472, -0.7115311, 344.6941, 178.721, 6.512403, -110.9107, 35.12303, 37.05107, 20.25444, 0.8905392
23:39:33, Human_22, SmartWatch, 0.8040215, 9.796851, -1.277077, 5.237169, 176.8334, 57.31953, -110.9116, 35.12599, 37.00922, 20.25467, 0.9373668
23:39:33, Human_23, Phone, -0.1495333, 9.876646, -0.6035319, 2.033836, 26.33985, 0.3983451, -111.0523, 35.05699, 37.04346, 19.84955, 1.011032
23:39:33, Human_23, SmartWatch, -0.2237926, 9.777866, -0.6170834, 288.3466, 26.22841, 90.13905, -110.9115, 35.05581, 37.03626, 19.85115, 1.383379
23:39:33, Human_24, Phone, -6.356144, 9.922072, -1.569664, 344.9159, 290.9065, 4.742387, -110.9007, 34.65765, 36.91504, 20.10704, 0.8880528
23:39:33, Human_24, SmartWatch, -4.760967, 9.428018, -1.568458, 2.669576, 293.2586, 58.8421, -110.9045, 34.65668, 37.01288, 20.10452, 1.004315
23:39:33, Human_25, Phone, -1.649889, 9.700014, -1.378879, 5.593085, 238.4676, 7.499804, -111.0204, 34.58723, 36.94448, 19.9791, 0.833626
23:39:33, Human_25, SmartWatch, -1.032059, 9.781942, -1.259689, 24.01321, 223.1546, 61.89211, -110.9092, 34.58972, 37.0035, 19.97726, 1.034751
23:39:33, Human_26, Phone, -0.2513186, 9.807281, -0.05449046, 358.7937, 86.10536, 12.4516, -110.9339, 34.66468, 37.07088, 20.41786, 0.9886012
23:39:33, Human_26, SmartWatch, 0.3119566, 9.769871, 0.2026011, 17.29609, 69.83983, 62.96415, -110.9993, 34.66366, 37.02112, 20.42061, 1.107264
23:39:33, Human_27, Phone, -4.724295, 9.776618, 13.2215, 358.8773, 178.1611, 12.4322, -110.9799, 34.63694, 37.09139, 20.37529, 0.9703655
23:39:33, Human_27, SmartWatch, 18.31651, 9.826394, -14.59007, 17.28437, 161.8906, 62.92717, -111.094, 34.63974, 36.97533, 20.37621, 1.003936
23:39:33, Human_28, Phone, 0.1906983, 9.829103, -2.151121, 350.5099, 188.09, 9.106889, -111.0114, 35.15563, 36.93097, 20.37575, 0.8944386
23:39:33, Human_29, Phone, -1.026625, 9.805387, 0.18003, 349.5162, 51.03582, 6.66607, -110.9984, 35.03204, 37.07306, 19.88983, 0.9108569
23:39:33, Human_29, SmartWatch, -1.795158, 9.714431, -0.6378254, 11.03789, 35.38175, 63.57482, -110.9777, 35.03006, 36.96923, 19.89166, 0.9948954
23:39:33, Human_30, Phone, 0.01730204, 9.722062, -2.40077, 354.5978, 191.6761, 9.25964, -110.9346, 35.16366, 36.98075, 20.26199, 0.8836771
23:39:33, Human_30, SmartWatch, -0.3633438, 9.478728, -3.042771, 25.99976, 180.3309, 60.78917, -111.0067, 35.16661, 36.99135, 20.26222, 1.030672
23:39:33, Human_31, Phone, 0.05806221, 9.767226, -0.06838077, 358.8809, 16.0057, 12.44705, -111.0616, 35.29936, 37.02555, 20.02373, 0.9024773
23:39:33, Human_31, SmartWatch, -0.0386781, 9.803107, -0.08790717, 17.36366, 359.7087, 62.94324, -111.0139, 35.29641, 36.98914, 20.02373, 1.111143
23:39:33, Human_32, Phone, 0.5691876, 10.01486, -2.09124, 345.4557, 178.5125, 7.441689, -110.9481, 35.08184, 37.00717, 20.53528, 0.9678121
23:39:33, Human_32, SmartWatch, 0.5296693, 9.952572, -4.159228, 23.85993, 171.1473, 60.69619, -111.0964, 35.08461, 37.04869, 20.53596, 1.041846
23:39:33, Human_33, Phone, -0.1999361, 9.811697, -1.790946, 358.7542, 178.0019, 12.40482, -111.0585, 34.68196, 36.95564, 20.35538, 0.9434974
23:39:33, Human_33, SmartWatch, -1.284903, 9.840269, 2.583678, 17.34758, 161.8859, 63.00438, -110.9584, 34.68476, 36.94027, 20.35629, 1.073729
23:39:33, Human_34, Phone, 2.435433, 9.675202, -0.0666152, 6.183295, 101.1191, 7.215773, -110.9578, 35.23198, 37.0886, 20.13428, 0.9353897
23:39:33, Human_34, SmartWatch, 1.453073, 9.66963, 0.2879416, 22.2162, 86.87978, 62.11024, -111.0233, 35.23134, 37.08014, 20.13725, 1.04401
23:39:33, Human_35, Phone, -0.06274617, 9.79315, 0.05829118, 358.7775, 118.9424, 12.50528, -110.9099, 34.8722, 36.96242, 19.85733, 1.010113
23:39:33, Human_35, SmartWatch, 0.0391405, 9.826138, -0.09064829, 17.33422, 102.6667, 63.02977, -110.9037, 34.87284, 37.09203, 19.86031, 1.110352
23:39:33, Human_36, Phone, -0.009036786, 9.905402, -0.007917069, 356.9458, 337.4193, 357.0054, -111.0187, 34.86292, 37.01178, 19.83307, 0.8546052
23:39:33, Human_36, SmartWatch, -0.01494185, 9.756092, -0.000334901, 323.0301, 69.89018, 348.2283, -110.9518, 34.86111, 36.92285, 19.83192, 1.087699
23:39:33, Human_37, Phone, 0.06670322, 9.849902, 0.1871584, 1.995583, 111.9626, 0.4636832, -111.0178, 35.09012, 36.96776, 20.42381, 0.8935904
23:39:33, Human_37, SmartWatch, 0.02620646, 9.854193, 0.2285251, 288.3413, 111.8261, 90.2462, -111.0559, 35.09155, 36.99049, 20.42519, 1.310685
23:39:33, Human_38, Phone, -0.003909498, 9.773971, 0.8457672, 357.7919, 154.2317, 357.0883, -111.019, 34.98162, 37.06224, 19.8848, 0.8394423
23:39:33, Human_38, SmartWatch, 1.214077, 9.76088, -1.059611, 323.3087, 246.0704, 347.6405, -110.9622, 34.98338, 36.95688, 19.88571, 1.022878
23:39:33, Human_39, Phone, -0.04419255, 9.790313, 0.03018172, 358.8416, 23.36397, 12.52511, -111.0284, 35.27667, 36.90582, 20.03654, 1.02319
23:39:33, Human_39, SmartWatch, -0.03289427, 9.87976, 0.02499816, 17.32934, 7.136046, 62.8886, -110.9472, 35.27374, 36.98199, 20.03677, 1.065153
23:39:33, Human_40, Phone, 4.204696, 9.779531, -3.459146, 358.7804, 314.3111, 12.40599, -111.0853, 34.58484, 36.9883, 20.47989, 0.8419098
23:39:33, Human_40, SmartWatch, -9.016661, 9.824556, 1.261507, 17.29209, 298.0712, 62.88122, -110.9304, 34.58345, 36.93418, 20.47714, 0.9634885
23:39:33, Human_41, Phone, -0.1256285, 9.703863, 2.098534, 340.6141, 6.136965, 4.485142, -111.0669, 35.03691, 36.92723, 20.09811, 0.853841
23:39:33, Human_41, SmartWatch, -0.3775283, 10.02164, 3.572579, 9.344035, 6.970324, 58.54517, -110.9592, 35.03404, 36.96049, 20.09834, 0.9919946
23:39:33, Human_42, Phone, 0.0833886, 9.851268, -0.001011133, 358.7794, 18.91375, 12.45772, -110.914, 34.51277, 37.07253, 20.26314, 0.9076234
23:39:33, Human_42, SmartWatch, 0.0192721, 9.820997, 0.01591845, 17.2781, 2.732924, 63.03078, -110.9393, 34.50982, 36.96746, 20.26337, 1.107024
23:39:33, Human_43, Phone, 0.9204349, 9.942668, -2.275208, 346.3191, 170.907, 7.972814, -111.0503, 35.01141, 36.91308, 20.18806, 0.901862
23:39:33, Human_43, SmartWatch, 1.204631, 9.855362, -4.16889, 24.48979, 162.51, 60.72502, -110.902, 35.01406, 36.99459, 20.18921, 0.9374135
23:39:33, Human_44, Phone, -0.3783286, 9.842164, -0.3334215, 358.7807, 45.60954, 12.39551, -110.9598, 34.60415, 37.03187, 20.48103, 0.9926496
23:39:33, Human_44, SmartWatch, 0.2915282, 9.847166, 0.8830398, 17.39192, 29.37675, 62.9686, -111.0549, 34.60157, 36.95527, 20.48241, 0.9289923
23:39:33, Human_45, Phone, -1.767091, 9.80238, 9.373101, 358.8104, 331.7282, 12.39678, -110.9297, 34.82837, 36.9514, 20.65475, 0.9835823
23:39:33, Human_45, SmartWatch, 10.71187, 9.871954, -11.97348, 17.25998, 315.6378, 62.94912, -110.9616, 34.82627, 37.07591, 20.65269, 1.081185
23:39:33, Human_46, Phone, 0.006205074, 9.771202, 0.03743348, 358.7619, 2.88669, 12.45127, -111.0172, 34.96494, 37.05475, 20.42953, 0.9999774
23:39:33, Human_46, SmartWatch, 0.001001012, 9.825856, -0.0177129, 17.28817, 346.6808, 62.9854, -111.0547, 34.96207, 36.95777, 20.42885, 0.9915786
23:39:33, Human_47, Phone, -0.1913315, 9.673486, 2.310166, 6.19635, 5.962067, 7.347814, -111.0604, 35.15557, 36.95029, 20.25833, 0.9548848
23:39:33, Human_47, SmartWatch, -0.5694648, 9.715126, 1.393411, 22.74897, 351.406, 62.04034, -110.9809, 35.15271, 36.95138, 20.25742, 1.04545
23:39:33, Human_48, Phone, -0.9746736, 9.79591, 1.55857, 358.7876, 149.7962, 12.49746, -110.9013, 34.85047, 36.94773, 20.45998, 0.9444108
23:39:33, Human_48, SmartWatch, 2.590586, 9.808004, -1.474701, 17.34092, 133.5854, 62.90184, -111.0385, 34.85249, 37.09884, 20.46204, 1.042456
23:39:33, Human_49, Phone, 0.3027286, 9.826337, -0.9120159, -0.04471539, 322.5584, -0.03936293, -111.039, 34.51548, 36.94506, 20.44556, 0.9587899
23:39:33, Human_49, SmartWatch, -2.442407, 9.828684, 2.873643, -0.05549539, 322.4643, -0.05006852, -111.0135, 34.51167, 37.09579, 20.44304, 1.48382
23:39:33, Human_50, Phone, 0.1705461, 9.75106, 0.4249691, -0.02377706, 356.9275, 0.009605467, -110.9896, 34.57983, 37.01964, 20.56389, 0.9683667
23:39:33, Human_50, SmartWatch, 0.04340626, 9.8171, -2.096382, 0.02685754, 356.9698, -0.08786601, -111.0815, 34.57522, 37.06272, 20.56389, 1.528464
23:39:33, Human_51, Phone, 1.78656, 9.701849, 0.7461389, 338.916, 79.79448, 3.462419, -110.961, 34.78366, 37.03527, 20.13908, 0.8629668
23:39:33, Human_51, SmartWatch, 2.506929, 9.952243, 0.9994718, 0.5412105, 85.21018, 54.47512, -111.0071, 34.78334, 36.95598, 20.14206, 0.9866249
23:39:33, Human_52, Phone, 2.565907, 9.669578, 0.009163581, 1.488816, 97.46839, 6.234181, -111.0678, 35.0146, 36.9945, 20.12329, 0.8512688
23:39:33, Human_52, SmartWatch, 1.731464, 9.757426, 0.2013955, 24.33444, 77.90599, 61.06758, -110.9023, 35.01361, 37.01756, 20.12627, 1.026143
23:39:33, Human_53, Phone, 0.04141507, 9.837636, -0.06620582, 0.2628911, 241.0718, 359.3786, -110.9037, 34.71861, 36.97515, 20.01091, 1.011496
23:39:33, Human_53, SmartWatch, -0.1038077, 9.832812, -0.02374722, 301.2172, 220.748, 118.3363, -110.9692, 34.71868, 36.96449, 20.00908, 1.330152
23:39:33, Human_54, Phone, 0.07901659, 9.851019, 0.08383453, 358.6075, 355.2634, 359.6114, -110.908, 35.16454, 37.05228, 20.38033, 1.033396
23:39:33, Human_54, SmartWatch, 0.07227926, 9.709151, 0.03895063, 295.6017, 341.7511, 109.4046, -110.9337, 35.16286, 37.0681, 20.38101, 1.272332
23:39:33, Human_55, Phone, -2.168942, 9.967947, -0.09001532, 345.3242, 281.2859, 4.679569, -110.9285, 34.55656, 37.05051, 20.05463, 0.8688173
23:39:33, Human_55, SmartWatch, -0.4539347, 9.565325, 0.1327827, 2.944525, 285.0871, 58.91901, -111.0384, 34.55601, 37.00216, 20.05188, 0.9178481
23:39:33, Human_56, Phone, 1.896228, 9.714278, 0.7658321, 340.3705, 82.37709, 3.6031, -111.0437, 34.63334, 37.09701, 20.05806, 0.878252
23:39:33, Human_56, SmartWatch, 1.292024, 9.499855, 0.1663051, 358.9713, 88.50696, 55.11906, -110.9605, 34.63318, 37.07182, 20.06104, 1.10001
23:39:33, Human_57, Phone, 0.578792, 9.848376, 3.707641, 358.8707, 190.2325, 12.47147, -110.9526, 34.82475, 36.91568, 20.46341, 0.9122364
23:39:33, Human_57, SmartWatch, 2.44225, 9.717203, -5.685115, 17.32173, 173.9296, 62.89584, -110.9439, 34.82769, 37.02847, 20.46387, 1.043878
23:39:33, Human_58, Phone, 0.276446, 9.79885, -0.1185202, 358.8524, 91.25329, 12.51537, -111.03, 34.96908, 36.96287, 20.50003, 0.9994637
23:39:33, Human_58, SmartWatch, -0.3849581, 9.818308, -0.2573618, 17.27107, 75.06283, 62.88361, -111.0599, 34.96831, 37.01175, 20.50301, 1.022377
23:39:33, Human_59, Phone, -1.861318, 9.724949, -1.649286, 4.044563, 236.7954, 6.165175, -110.9216, 34.85455, 36.97953, 20.19447, 0.8990365
23:39:33, Human_59, SmartWatch, -0.7515858, 9.726929, -0.9109991, 20.37799, 221.1124, 61.78779, -110.9636, 34.85702, 36.96725, 20.19287, 0.9313874
23:39:33, Human_60, Phone, -1.730157, 9.732172, -1.51642, 340.9227, 240.0234, 4.064891, -111.0551, 34.45747, 37.07551, 19.97589, 0.8843448
23:39:33, Human_61, Phone, -1.915873, 9.565424, 0.07379938, 338.4586, 286.5281, 3.366722, -110.9269, 34.61148, 37.01513, 20.12787, 0.9854671
23:39:33, Human_61, SmartWatch, -1.871287, 9.659746, 0.2075325, 357.739, 292.9381, 53.6916, -110.9998, 34.61038, 36.98355, 20.12512, 1.075236
23:39:33, Human_62, Phone, -0.03693895, 9.858876, -0.04428365, 358.8924, 12.81318, 12.44291, -110.9458, 34.84846, 37.08035, 19.81613, 0.9732494
23:39:33, Human_62, SmartWatch, -0.06014258, 9.767507, 0.03926396, 17.35043, 356.5908, 63.03947, -111.0301, 34.84551, 36.93945, 19.8159, 0.9251293
23:39:33, Human_63, Phone, 1.567959, 9.851826, 1.807822, 340.8195, 46.28274, 4.753837, -110.9849, 34.70889, 37.09264, 19.99443, 0.9059618
23:39:33, Human_63, SmartWatch, 2.554191, 10.05046, 3.407429, 14.46151, 43.98218, 59.71347, -110.9893, 34.70681, 37.07439, 19.99649, 1.086074
23:39:33, Human_64, Phone, -0.2378058, 9.831198, -1.886131, 0.08581566, 352.6685, -0.03392355, -111.0051, 34.4453, 36.9432, 20.55725, 1.04946
23:39:33, Human_64, SmartWatch, -1.414927, 9.758577, 7.385991, 0.002879008, 352.6407, 0.08344615, -110.9941, 34.44071, 36.95747, 20.55679, 1.405146
23:39:33, Human_65, Phone, -1.597859, 9.625768, 1.54062, 338.1279, 325.3452, 3.125453, -110.9689, 34.53083, 37.00702, 20.14023, 0.8880182
23:39:33, Human_65, SmartWatch, -2.167506, 9.975962, 1.942885, 359.7103, 331.6189, 53.90235, -110.9249, 34.52826, 36.93565, 20.13885, 0.9922052
23:39:33, Human_66, Phone, -0.09292039, 9.770782, -0.08502873, 352.9194, 80.82323, 9.965025, -110.9709, 35.03714, 36.90358, 19.89189, 0.8441489
23:39:33, Human_66, SmartWatch, 0.3107674, 9.841593, 0.1412941, 16.56308, 70.06738, 62.13686, -111.0323, 35.0361, 37.07776, 19.89464, 1.09911
23:39:33, Human_67, Phone, -0.01939018, 9.768654, -0.2092439, 359.2673, 3.387995, 358.7385, -111.0196, 34.74808, 36.94851, 20.52567, 0.8248973
23:39:33, Human_67, SmartWatch, -0.009893328, 9.797395, 0.1165761, 331.25, 89.28989, 354.6909, -111.0965, 34.74619, 36.97085, 20.52521, 1.205789
23:39:33, Human_68, Phone, -0.05055301, 9.86451, -0.08447619, 0.01865742, 0.05140713, -0.03214666, -110.9801, 34.39773, 37.0651, 20.5513, 0.9985011
23:39:33, Human_68, SmartWatch, -0.01029874, 9.84113, 0.1500676, -0.02608532, 0.07852665, 0.04037069, -111.0722, 34.39313, 36.92448, 20.55153, 1.357111
23:39:33, Human_69, Phone, 2.525441, 10.00717, -0.003256168, 343.5341, 93.2336, 6.175101, -111.0608, 34.8309, 37.01232, 20.12947, 0.8917704
23:39:33, Human_69, SmartWatch, 4.063613, 9.909348, 0.05849308, 23.08969, 78.73469, 59.89673, -110.9029, 34.83039, 37.03998, 20.13222, 0.960377
23:39:33, Human_70, SmartWatch, 1.221647, 9.437387, 0.06495472, 359.2219, 92.8131, 55.58825, -111.0861, 34.49649, 36.99893, 20.06126, 1.07445
23:39:33, Human_71, Phone, 0.4219521, 9.710232, -0.4151085, 359.2553, 306.655, 358.6622, -111.0846, 34.64399, 36.91194, 20.32722, 0.8975342
23:39:33, Human_71, SmartWatch, -0.7532884, 9.817465, 0.2091411, 331.2008, 32.58595, 354.7977, -110.9901, 34.64325, 37.08155, 20.32539, 1.075862
23:39:33, Human_72, Phone, 4.466456, 10.08608, 0.3411832, 352.7638, 221.1357, 7.868713, -110.9976, 34.60386, 37.03001, 20.14641, 0.9680156
23:39:33, Human_72, SmartWatch, 2.988309, 9.563971, -1.74542, 12.72132, 205.9142, 62.45914, -110.9233, 34.60633, 37.08095, 20.14549, 1.05972
23:39:33, Human_73, Phone, -0.06677064, 9.84625, 0.03076683, 358.8224, 41.22759, 12.42103, -111.0015, 34.92748, 37.01485, 20.58243, 0.8431107
23:39:33, Human_73, SmartWatch, -0.006963617, 9.743155, -0.03501658, 17.26518, 25.03414, 63.00006, -110.9342, 34.92481, 36.9863, 20.5838, 0.9590599
23:39:33, Human_74, Phone, 1.833096, 9.753692, 0.8000832, 339.669, 76.28352, 3.852192, -110.9953, 34.78176, 36.98531, 20.1329, 0.8410872
23:39:33, Human_75, Phone, 0.04678733, 9.831325, 0.03872056, 358.7953, 25.8189, 12.50941, -110.9626, 34.89134, 36.97784, 20.49477, 1.021658
23:39:33, Human_75, SmartWatch, -0.09260646, 9.841812, 0.02091219, 17.30837, 9.682886, 62.87264, -110.937, 34.88843, 37.08896, 20.49522, 1.076021
23:39:33, Human_76, Phone, -2.099627, 9.848477, -1.158782, 0.01243297, 240.9589, -0.03002043, -110.9156, 34.37604, 36.96869, 19.74586, 1.018221
23:39:33, Human_76, SmartWatch, -1.997525, 9.813293, -1.02545, 0.08058904, 241.0161, 0.03162027, -111.0416, 34.37805, 36.93306, 19.74174, 1.435056
23:39:33, Human_77, Phone, 2.375738, 9.650002, 0.8212277, 340.6543, 83.52061, 0.835238, -110.913, 34.98546, 36.96608, 20.1915, 0.9866282
23:39:33, Human_77, SmartWatch, 4.18561, 10.1107, 1.285937, 7.920691, 91.70277, 58.65442, -110.9319, 34.98539, 37.03992, 20.19424, 1.058261
23:39:33, Human_78, Phone, 1.908088, 10.08615, 0.1136407, 349.4791, 85.98834, 5.881005, -111.0698, 34.81232, 37.0827, 20.12466, 0.9909563
23:39:33, Human_78, SmartWatch, 0.3141144, 9.717795, -0.4548853, 6.31983, 85.08875, 60.80747, -110.9624, 34.81189, 37.00766, 20.12741, 0.9997231
23:39:33, Human_79, Phone, 0.0008136821, 9.869404, -0.01810267, 1.993248, 223.6072, 0.4110575, -111.0419, 34.48483, 37.02587, 20.06447, 0.8793183
23:39:33, Human_79, SmartWatch, 0.1302503, 9.852122, 0.02207795, 288.3123, 223.6838, 90.28723, -111.0991, 34.4855, 37.07313, 20.06264, 1.441301
23:39:33, Human_80, Phone, 0.04139579, 9.826971, -0.04628837, 356.9268, 353.2743, 356.9612, -111.0612, 34.97879, 36.94019, 20.05852, 0.8613632
23:39:33, Human_80, SmartWatch, -0.002016153, 9.715473, -0.03492748, 322.9913, 85.80211, 348.1795, -110.9973, 34.97678, 36.92801, 20.05806, 1.184923
23:39:33, Human_81, Phone, 1.781306, 9.677668, 0.9200258, 340.1192, 74.89672, 3.565917, -111.0866, 34.66206, 36.98143, 20.04662, 1.003836
23:39:33, Human_81, SmartWatch, 1.418191, 9.5349, 0.4572419, 358.6906, 81.09829, 54.70553, -110.9799, 34.66153, 36.92183, 20.04936, 1.049238
23:39:33, Human_82, Phone, -0.437692, 9.84611, 0.2324784, 0.0580811, 151.0118, 0.02282477, -111.0548, 34.42364, 36.98505, 20.39452, 0.9005982
23:39:33, Human_82, SmartWatch, -0.3645981, 9.874242, 0.24126, -0.03405412, 151.1483, -0.04005288, -110.9626, 34.42778, 37.04285, 20.39635, 1.477312
23:39:33, Human_83, Phone, 0.0164113, 9.765779, -0.03855508, 0.3151685, 183.6307, 359.2615, -110.948, 34.99149, 36.95621, 20.26085, 0.9972156
23:39:33, Human_83, SmartWatch, -0.06188292, 9.844414, -0.09090096, 301.3073, 163.4212, 118.2547, -110.9941, 34.99306, 36.98869, 20.25993, 1.293832
23:39:33, Human_84, Phone, 2.743003, 9.881292, -1.012916, 341.1272, 132.7032, 5.035378, -110.9481, 35.12463, 36.9592, 19.81888, 0.9742681
23:39:33, Human_84, SmartWatch, 4.304369, 10.02584, -1.865968, 15.72962, 129.4964, 59.98149, -110.9029, 35.1264, 37.0928, 19.82094, 1.098758
23:39:33, Human_85, Phone, -0.06423626, 9.657183, -0.0645258, 348.9779, 205.7109, 5.495335, -110.9822, 35.11868, 36.97761, 20.25948, 0.8836375
23:39:33, Human_85, SmartWatch, 0.02590692, 9.857121, -0.4046398, 8.042172, 202.3447, 59.45295, -110.9908, 35.12137, 37.08436, 20.25833, 0.9584056
23:39:33, Human_86, Phone, -0.09141344, 9.766578, -0.1188605, 358.7576, 17.58092, 12.41433, -111.0366, 34.85779, 36.95137, 20.62981, 0.9458066
23:39:33, Human_86, SmartWatch, -0.0251912, 9.904707, 0.1517501, 17.27876, 1.451505, 62.95372, -110.9349, 34.85484, 36.94379, 20.62981, 0.9588834
23:39:33, Human_87, Phone, -0.3154536, 9.872788, 0.400618, 358.8651, 312.8431, 12.3688, -110.9839, 34.70286, 37.04857, 20.60394, 0.9055334
23:39:33, Human_87, SmartWatch, 0.8655535, 9.807323, -0.3415692, 17.30838, 296.5907, 63.0054, -110.9797, 34.70155, 37.08518, 20.6012, 1.083296
23:39:33, Human_88, Phone, 2.263034, 9.853827, 0.5722886, 340.8573, 88.57848, 3.754416, -110.9048, 35.2269, 37.01779, 20.71449, 0.9995854
23:39:33, Human_88, SmartWatch, 2.24124, 9.801993, 0.6013472, 359.3096, 94.70791, 55.58979, -111.0395, 35.22704, 36.90504, 20.71747, 1.015105
23:39:33, Human_89, Phone, 0.4050793, 9.75878, -2.15973, 2.683884, 181.293, 8.698309, -110.9901, 35.15628, 36.90335, 20.18143, 0.8440813
23:39:33, Human_89, SmartWatch, 0.4605233, 9.634906, -2.593271, 27.42605, 165.6911, 61.36342, -110.9947, 35.1591, 36.91738, 20.18257, 0.9550532
23:39:33, Human_90, Phone, 0.03209652, 9.784383, -0.08296265, 358.7891, 321.8524, 12.47274, -110.9061, 34.78571, 36.93287, 20.5204, 0.8945673
23:39:33, Human_90, SmartWatch, 0.03272605, 9.778979, 0.0769875, 17.33807, 305.6099, 62.92713, -111.0942, 34.784, 36.93053, 20.51811, 1.095642
23:39:33, Human_91, Phone, 0.0515732, 9.738723, -0.6421098, 358.7667, 349.7859, 12.41752, -110.9918, 35.17004, 37.03593, 19.94637, 0.9166203
23:39:33, Human_91, SmartWatch, -0.5836533, 9.756107, 0.7885108, 17.30922, 333.5359, 62.93428, -110.9222, 35.1674, 37.05022, 19.94499, 0.9462123
23:39:33, Human_92, Phone, 2.081167, 10.16078, 0.892836, 350.6044, 80.533, 5.35686, -111.0014, 34.91917, 36.91591, 20.17113, 0.9108403
23:39:33, Human_92, SmartWatch, 0.08677346, 9.758056, -0.04632257, 6.544171, 77.80106, 61.14137, -110.9521, 34.91838, 36.95505, 20.17365, 1.105765
23:39:33, Human_93, Phone, -0.009236001, 9.794841, 0.01130697, 358.8795, 179.4625, 12.41924, -111.0983, 34.90573, 36.90062, 20.01228, 0.9061711
23:39:33, Human_93, SmartWatch, -0.03941281, 9.856983, -0.01503067, 17.23031, 163.2555, 62.98748, -111.0871, 34.90855, 37.00187, 20.0132, 0.9240734
23:39:33, Human_94, SmartWatch, 0.007812314, 9.758305, -0.3732316, 323.0264, 92.18903, 348.1959, -111.0555, 34.76163, 36.90701, 20.3437, 1.153749
23:39:33, Human_95, Phone, -1.760163, 9.850116, -1.699875, 5.932025, 235.1594, 6.916478, -110.9212, 34.77364, 37.06347, 20.08873, 0.8455938
23:39:33, Human_95, SmartWatch, -0.4721656, 9.836721, -1.034942, 19.82143, 222.2785, 62.10921, -111.0236, 34.77612, 36.91244, 20.08713, 1.111238
23:39:33, Human_96, SmartWatch, 7.026016, 9.837552, 15.66561, 17.34632, 51.82067, 62.98811, -110.9034, 34.72123, 36.91923, 20.54054, 1.009209
23:39:33, Human_97, Phone, -0.09419863, 9.857528, -0.2081808, 358.8065, 26.12295, 12.47827, -110.9569, 34.74525, 37.04745, 20.46844, 0.9966509
23:39:33, Human_97, SmartWatch, 0.0175709, 9.78605, 0.5265288, 17.28415, 9.977692, 62.8772, -111.0721, 34.74234, 37.05524, 20.4689, 1.095459
23:39:33, Human_98, Phone, -0.2737489, 9.777443, -0.9395837, 1.194749, 34.88618, 358.9352, -110.9478, 34.66752, 36.94975, 19.88342, 0.945043
23:39:33, Human_98, SmartWatch, -0.3136949, 9.844781, -0.8994633, 321.0666, 157.2715, 309.8993, -111.0524, 34.66652, 37.06369, 19.8848, 1.421425
23:39:33, Human_99, Phone, 0.9922107, 9.757989, 2.053395, 338.7373, 37.77103, 3.381381, -111.0562, 34.57976, 36.92688, 20.04204, 0.8333336
23:39:33, Human_100, Phone, -1.634576, 9.604489, 1.873995, 339.1322, 341.524, 2.32526, -111.0708, 35.03116, 37.03041, 20.13817, 0.9683598
23:39:33, Human_100, SmartWatch, -2.138069, 9.978181, 2.763473, 2.917982, 348.3276, 55.70681, -111.0263, 35.02832, 36.99141, 20.13748, 0.9591792
23:39:33, Human_101, Phone, 0.03104512, 9.777045, -0.01254967, 358.8786, 44.11977, 12.40384, -110.917, 34.83851, 37.01367, 20.56641, 0.8798705
23:39:33, Human_101, SmartWatch, 0.05034874, 9.807788, 0.0005140454, 17.30596, 27.83423, 62.97259, -111.0302, 34.8359, 36.92874, 20.56778, 1.011515
23:39:33, Human_102, Phone, -0.11003, 9.682588, 0.04568402, 350.9983, 83.55907, 9.264078, -111.0345, 35.11929, 36.95016, 20.24368, 0.8824692
23:39:33, Human_102, SmartWatch, 0.06900275, 9.847181, 0.0008731149, 11.06308, 74.87068, 60.07276, -110.9208, 35.11851, 37.08291, 20.24643, 0.9703206
23:39:33, Human_103, Phone, 1.246208, 9.553709, 1.708223, 337.7434, 47.94261, 3.151772, -111.0243, 34.66455, 37.00444, 19.93034, 0.9314126
23:39:33, Human_103, SmartWatch, 1.386397, 9.678599, 1.605656, 357.6904, 54.71493, 53.3756, -110.9849, 34.66279, 37.00258, 19.93263, 0.9797877
23:39:33, Human_104, Phone, -0.1096876, 9.819178, 0.04436927, 0.3564487, 101.1215, 359.386, -110.9654, 34.55402, 37.08845, 20.12878, 0.9122525
23:39:33, Human_105, Phone, -0.5083879, 9.745445, 0.5657306, 0.1359445, 144.9796, 359.5127, -110.9807, 34.97111, 37.07258, 19.89029, 1.013908
23:39:33, Human_105, SmartWatch, -0.4206218, 9.80929, -0.9482847, 295.6993, 134.776, 104.8725, -111.0332, 34.97303, 37.08205, 19.89052, 1.2542
23:39:33, Human_106, Phone, 0.006609469, 9.854796, 0.07148954, 358.8246, 345.6987, 12.48472, -111.0038, 34.87678, 37.00407, 20.67535, 0.9387478
23:39:33, Human_106, SmartWatch, 0.0613208, 9.764315, 0.004024035, 17.27287, 329.5168, 62.87801, -111.0093, 34.87424, 37.01466, 20.67398, 0.9947385
23:39:33, Human_107, Phone, 0.01065329, 9.796796, 0.1729846, 358.7622, 13.67051, 12.47237, -111.0265, 34.70798, 37.01251, 20.30067, 0.9552302
23:39:33, Human_107, SmartWatch, 0.02138185, 9.898704, -0.2461208, 17.37064, 357.4719, 62.97649, -110.9386, 34.70503, 37.09354, 20.30067, 1.004441
23:39:33, Human_108, Phone, -0.09601621, 9.760433, -0.07358173, -0.01940599, 62.38972, 0.0499275, -111.0765, 34.39174, 36.93582, 20.25925, 0.8614083
23:39:33, Human_108, SmartWatch, 0.002775248, 9.76379, 0.01220595, 0.05336647, 62.48845, 0.05376565, -110.9595, 34.38984, 36.96268, 20.26337, 1.37921
23:39:33, Human_109, Phone, -0.158522, 9.653934, -2.169198, 4.284403, 193.6961, 8.209108, -110.9506, 35.12389, 37.00541, 20.34943, 0.940856
23:39:33, Human_109, SmartWatch, 0.09415991, 9.699885, -2.221262, 26.19285, 178.0436, 61.73639, -110.9139, 35.12689, 37.09132, 20.35011, 1.033529
23:39:33, Human_110, Phone, 0.979883, 9.660879, -2.116123, 353.6014, 172.1827, 9.265478, -111.0674, 35.07101, 37.05015, 19.96811, 0.8538811
23:39:33, Human_110, SmartWatch, 1.089033, 9.606512, -3.230667, 25.94868, 160.3797, 60.75694, -110.9137, 35.07367, 37.05775, 19.96948, 1.033798
23:39:33, Human_111, Phone, 0.2231605, 9.784683, 0.1297726, 357.7924, 83.85426, 357.162, -111.058, 34.71084, 36.93365, 20.14687, 0.9378617
23:39:33, Human_111, SmartWatch, 0.2576762, 9.79293, 0.1130149, 323.2267, 175.8513, 347.6057, -111.0518, 34.71041, 36.94186, 20.14893, 1.046663
23:39:33, Human_112, Phone, -0.05605583, 9.783465, 0.07599579, 0.2577351, 56.52211, 359.363, -111.0765, 35.15854, 37.08139, 20.31441, 0.8526555
23:39:33, Human_112, SmartWatch, 0.05630206, 9.802462, 0.06351241, 301.3215, 36.18414, 118.37, -110.9249, 35.15833, 37.02182, 20.31624, 1.288093
23:39:33, Human_113, Phone, -0.7520698, 9.766195, -1.576439, 0.0554215, 12.36746, 0.01232093, -110.9964, 34.50179, 36.92183, 20.48286, 0.9097621
23:39:33, Human_113, SmartWatch, 1.185744, 9.810018, 6.912177, 0.08044563, 12.3585, -0.004565899, -110.9738, 34.49735, 37.08481, 20.48401, 1.400573
23:39:33, Human_114, Phone, 0.1686585, 9.88643, 0.2466245, 355.7698, 236.8862, 10.40504, -111.0091, 35.11934, 36.90025, 20.25192, 0.8922371
23:39:33, Human_114, SmartWatch, 0.3598464, 9.853067, 0.5979903, 14.10397, 224.9506, 62.52435, -111.0208, 35.12141, 36.94313, 20.24986, 0.9869029
23:39:33, Human_115, Phone, -1.790408, 9.716316, 1.665122, 338.5965, 322.6843, 3.694845, -111.0497, 34.57583, 37.09667, 19.9855, 0.8330899
23:39:33, Human_115, SmartWatch, -2.580763, 9.984805, 2.162233, 1.310056, 325.9781, 55.25335, -111.095, 34.57339, 36.90384, 19.9839, 0.9862289
23:39:33, Human_116, Phone, 0.006541445, 9.759659, -0.168474, 357.7983, 73.02888, 357.0606, -111.069, 34.9497, 36.98415, 19.82208, 0.8500246
23:39:33, Human_116, SmartWatch, -0.06781241, 9.838075, -0.1790744, 323.2891, 164.8789, 347.545, -110.9783, 34.9489, 37.045, 19.82414, 1.104111
23:39:33, Human_117, Phone, -0.08660102, 9.784663, 0.02480876, 358.7828, 18.96121, 12.49698, -110.9688, 34.49905, 37.00099, 20.22171, 0.98915
23:39:33, Human_117, SmartWatch, 0.02921839, 9.776439, -0.05778796, 17.25456, 2.811037, 62.93423, -111.0283, 34.4961, 36.97328, 20.22194, 0.9322952
23:39:33, Human_118, Phone, 1.890737, 9.644825, 0.2276076, 338.5901, 98.02516, 3.633087, -111.0999, 34.81547, 36.91393, 20.1297, 0.9319174
23:39:33, Human_118, SmartWatch, 2.00136, 9.735328, 0.129154, 358.6026, 103.5361, 53.88839, -110.9998, 34.81611, 36.93357, 20.13268, 0.9383448
23:39:33, Human_119, Phone, 0.642447, 9.830814, -4.108429, 359.2788, 355.8411, 358.7264, -111.0873, 34.62769, 36.97216, 20.59021, 0.8686581
23:39:33, Human_119, SmartWatch, -4.170943, 9.847337, 5.312643, 331.1448, 81.71612, 354.8001, -110.9796, 34.62587, 36.90033, 20.58952, 1.2335
23:39:33, Human_120, Phone, 0.2648688, 9.92506, 2.251501, 343.7696, 11.17988, 6.437807, -110.9677, 35.05481, 36.92621, 20.03265, 0.9838816
23:39:33, Human_120, SmartWatch, 0.1984029, 10.05677, 3.744184, 19.71352, 2.995448, 60.45775, -111.0726, 35.05198, 36.9418, 20.03288, 0.9821685
23:39:33, Human_121, Phone, -0.02416559, 9.857393, -0.09634038, -0.01348088, 355.5486, -0.08799047, -111.0995, 34.57775, 36.94387, 20.60463, 0.8698674
23:39:33, Human_121, SmartWatch, -0.05990269, 9.759247, 0.05165791, -0.07873397, 355.5441, -0.04907071, -111.0772, 34.57315, 36.9671, 20.6044, 1.352111
23:39:33, Human_122, Phone, -0.06266228, 9.768106, -0.1510105, 359.2536, 1.128774, 358.6961, -110.9116, 34.54967, 36.90339, 20.30067, 0.8847033
23:39:33, Human_122, SmartWatch, -0.02671249, 9.747284, 0.03467283, 331.1687, 87.07138, 354.8238, -110.9767, 34.5478, 36.95312, 20.30022, 1.206604
23:39:33, Human_123, Phone, -0.05921749, 9.872874, -0.0879823, 358.8187, 44.19674, 12.49777, -110.9402, 34.8457, 37.0157, 20.53711, 0.8569378
23:39:33, Human_123, SmartWatch, -0.01418466, 9.7267, 0.0726371, 17.38548, 28.03081, 62.93679, -111.0339, 34.8431, 36.96875, 20.53848, 0.9463233
23:39:33, Human_124, Phone, 0.04242843, 9.772457, -0.007550661, 1.914479, 26.37278, 0.3993167, -111.062, 35.00191, 37.07162, 20.45425, 1.020954
23:39:33, Human_124, SmartWatch, -0.07681204, 9.765543, 0.06600642, 288.2949, 26.33309, 90.09917, -110.9341, 35.00075, 36.93971, 20.45563, 1.252998
23:39:33, Human_125, Phone, 1.85246, 9.612449, 0.9211727, 338.9551, 79.34879, 3.306896, -110.9736, 34.69661, 36.91217, 20.07591, 0.8171094
23:39:33, Human_125, SmartWatch, 1.822997, 9.596049, 0.6100625, 357.9313, 85.82647, 53.79312, -110.9749, 34.69634, 36.9917, 20.07889, 1.134066
23:39:33, Human_126, Phone, -0.04211826, 9.866142, 0.08362363, 358.8274, 345.8249, 12.46131, -111.0852, 34.89565, 37.05769, 20.58357, 0.9686885
23:39:33, Human_126, SmartWatch, 0.001472145, 9.811422, -0.114378, 17.26095, 329.6109, 62.92782, -110.9409, 34.8931, 36.9174, 20.58197, 1.102976
23:39:33, Human_127, Phone, 2.516313, 9.875247, 0.0664039, 348.1146, 102.1132, 8.875019, -110.9194, 34.83044, 37.06239, 20.12329, 0.8683609
23:39:33, Human_127, SmartWatch, 4.554442, 9.80886, -0.2784042, 24.50413, 92.50304, 60.79225, -110.9921, 34.83029, 37.03765, 20.12627, 1.004449
23:39:33, Human_128, Phone, -0.937642, 9.867624, -2.042073, 5.588101, 217.0725, 6.780796, -110.9183, 34.65713, 36.90643, 19.89372, 0.9509017
23:39:33, Human_128, SmartWatch, 0.04374561, 9.762545, -0.9180596, 18.92807, 204.7312, 62.14005, -110.9441, 34.65995, 37.09378, 19.89281, 1.050681
23:39:33, Human_129, Phone, -1.072114, 9.785958, -0.4063229, 358.8241, 64.01627, 12.46475, -110.9021, 34.83997, 37.03498, 20.61653, 0.948465
23:39:33, Human_129, SmartWatch, 1.184416, 9.792965, 1.612653, 17.38992, 47.7735, 63.00232, -110.9621, 34.83799, 36.98959, 20.61882, 1.037021
23:39:33, Human_130, Phone, -1.467487, 9.917237, 1.819371, 345.3353, 334.7791, 7.25139, -110.9065, 34.5027, 36.99844, 20.00839, 0.9300464
23:39:33, Human_131, Phone, -0.8369527, 9.853303, 1.980524, 2.982554, 353.1975, 6.36275, -110.9896, 35.06985, 36.95154, 19.96056, 0.8926156
23:39:33, Human_131, SmartWatch, -0.7011653, 9.909528, 0.1939453, 15.55853, 343.8138, 62.18591, -110.9572, 35.06727, 36.99832, 19.95918, 1.090479
23:39:33, Human_132, SmartWatch, 4.223565, 9.801451, 2.597046, 0.02755459, 23.0718, -0.07523906, -111.0198, 34.27917, 36.97454, 19.80835, 1.481678
23:39:33, Human_133, Phone, 0.03849528, 9.800909, 0.07190294, 2.025135, 80.73388, 0.4428468, -110.9875, 34.50189, 36.9483, 19.99741, 0.9039886
23:39:33, Human_133, SmartWatch, -0.04667602, 9.867777, -0.01724195, 288.3147, 80.76617, 90.15632, -111.0598, 34.50245, 36.92373, 19.99924, 1.393903
23:39:33, Human_134, Phone, 0.1577207, 9.754927, -0.1652689, 357.8127, 3.41885, 9.47521, -111.0761, 35.0426, 37.04846, 20.09789, 1.009609
23:39:33, Human_134, SmartWatch, 0.173624, 9.864146, -0.5364054, 15.417, 348.0723, 62.44312, -111.0325, 35.03979, 37.00888, 20.0972, 0.9247496
23:39:33, Human_135, Phone, 1.714265, 9.893362, 1.679342, 347.0061, 52.43774, 8.382298, -110.975, 34.80526, 37.08776, 20.12627, 1.016889
23:39:33, Human_135, SmartWatch, 3.125832, 9.911323, 2.825233, 25.11871, 42.18823, 60.45023, -111.0315, 34.80298, 36.90165, 20.1281, 1.070337
23:39:33, Human_136, Phone, -1.565968, 10.02981, -1.581147, 356.6545, 236.5557, 5.871071, -110.9253, 34.53564, 36.96706, 19.96468, 0.9335335
23:39:33, Human_136, SmartWatch, 0.05599561, 9.956665, -0.1858556, 10.76893, 232.2053, 62.28572, -111.021, 34.53758, 37.01434, 19.96262, 0.9984818
23:39:33, Human_137, Phone, -0.0157383, 9.856128, -0.06131519, 358.8539, 18.78698, 12.36456, -111.0691, 34.95378, 36.95696, 20.05165, 0.9786422
23:39:33, Human_138, Phone, 0.8675086, 9.707077, -2.157217, 6.05806, 169.2429, 7.473636, -110.9762, 35.01435, 36.97514, 20.17456, 0.9346653
23:39:33, Human_138, SmartWatch, 0.8679286, 9.793282, -1.260527, 23.09084, 154.5618, 61.94366, -110.9823, 35.01683, 37.08269, 20.17639, 1.014398
23:39:33, Human_139, Phone, 0.4055063, 9.754652, 2.450061, 338.1696, 33.12769, 3.252371, -111.0643, 35.13101, 36.96091, 20.27687, 0.8935019
23:39:33, Human_139, SmartWatch, 0.6186922, 10.01921, 3.129834, 360.0035, 39.25173, 54.03456, -110.9963, 35.12867, 36.95287, 20.2787, 1.005605
23:39:33, Human_140, Phone, 2.373072, 9.741426, -0.1311332, 358.1189, 96.06551, 9.109914, -110.9045, 35.22829, 36.93348, 20.45631, 0.8613475
23:39:33, Human_140, SmartWatch, 3.182935, 9.643042, -0.09853627, 27.21786, 81.1638, 60.79005, -110.9225, 35.22747, 36.95356, 20.45929, 0.9860546
23:39:33, Human_141, Phone, 0.033831, 9.819228, 0.0277517, 358.8114, 356.2727, 12.3851, -111.0446, 34.74944, 37.03094, 20.37529, 0.9980306
23:39:33, Human_142, Phone, 2.172477, 9.713787, 0.7878443, 3.84858, 82.79856, 8.228952, -111.0199, 34.86303, 37.01706, 20.16197, 0.8622055
23:39:33, Human_142, SmartWatch, 2.087919, 9.691053, 0.9201287, 26.24089, 67.47556, 61.69482, -110.996, 34.86145, 37.03364, 20.16472, 1.054496
23:39:33, Human_143, Phone, -0.0164947, 9.831534, 0.0514704, 358.7406, 44.12028, 12.42126, -110.9097, 35.14979, 36.90792, 19.91753, 0.9065629
23:39:33, Human_143, SmartWatch, 0.01780428, 9.737897, 0.03523878, 17.35745, 27.85607, 62.89476, -110.9008, 35.14718, 36.90524, 19.9189, 0.9455624
23:39:33, Human_144, Phone, -0.8734856, 9.821091, -0.03060276, 353.7477, 295.1703, 11.75912, -111.0498, 34.61113, 36.98195, 20.14664, 0.9141591
23:39:33, Human_144, SmartWatch, -1.589319, 9.829342, 0.1935681, 19.25835, 280.8958, 62.24839, -110.9353, 34.61069, 36.90414, 20.14389, 1.008517
23:39:33, Human_145, Phone, -1.245961, 9.793591, 0.4538211, 0.03696138, 323.3022, -0.03931024, -110.9544, 34.4048, 37.09883, 20.39497, 0.9529539
23:39:33, Human_145, SmartWatch, 0.01987392, 9.831197, -1.621194, -0.001439991, 323.1902, 0.01038919, -111.0727, 34.40096, 36.92505, 20.39246, 1.363964
23:39:33, Human_146, Phone, -1.442428, 9.850214, 1.654895, 0.03503559, 318.57, 0.08992501, -110.9161, 34.5, 36.968, 19.92302, 0.9810472
23:39:33, Human_146, SmartWatch, -1.387635, 9.808914, 1.737591, -0.02896319, 318.5506, 0.01288756, -111.0007, 34.49639, 37.08779, 19.92004, 1.511711
23:39:33, Human_147, Phone, 1.854063, 9.593469, -0.4565288, 343.4652, 125.0817, 357.6944, -111.0296, 34.56577, 36.99816, 20.14023, 0.8728607
23:39:33, Human_147, SmartWatch, 2.610752, 10.06379, -0.8744045, 3.227913, 135.9461, 58.15641, -110.9052, 34.5677, 36.92325, 20.14206, 1.041741
23:39:33, Human_148, Phone, 1.944864, 9.565604, 0.7753872, 338.9096, 83.11391, 3.230336, -110.9303, 34.75062, 36.9689, 20.10406, 0.9573605
23:39:33, Human_148, SmartWatch, 1.917284, 9.650203, 0.5018873, 357.9791, 89.67048, 53.89207, -110.976, 34.75054, 36.9831, 20.10704, 1.123988
23:39:33, Human_149, Phone, 5.422871, 9.7384, 0.4748594, 353.6755, 170.9678, 0.03577196, -110.9655, 34.56312, 37.09741, 20.14572, 0.9875628
23:39:33, Human_149, SmartWatch, 5.525244, 9.997484, -0.9158375, 7.679756, 169.1479, 62.09902, -111.0483, 34.56565, 36.96277, 20.14595, 1.049831
23:39:33, Human_150, Phone, -0.06409559, 9.828617, -0.003277817, 0.3706437, 51.61923, 359.3781, -111.0431, 34.67386, 37.0036, 19.97612, 1.035014
23:39:33, Human_150, SmartWatch, 0.0497429, 9.85743, -0.02492326, 301.2555, 31.33108, 118.3158, -111.0924, 34.67348, 36.95779, 19.97772, 1.233895
23:39:33, Human_151, Phone, 0.4042581, 9.753667, 0.3747269, 347.6339, 21.79358, 7.634367, -110.9056, 35.03779, 37.05218, 20.11986, 0.8523614
23:39:33, Human_151, SmartWatch, 0.3812642, 9.870467, 0.546638, 6.903989, 16.12692, 59.01373, -110.9344, 35.03498, 36.91945, 20.12077, 0.9477895
23:39:33, Human_152, Phone, -0.2899003, 9.844254, -0.8522825, 358.8694, 18.50917, 12.45677, -111.0217, 34.86412, 36.98799, 20.41718, 0.8353908
23:39:33, Human_152, SmartWatch, -0.3609826, 9.835357, 1.380794, 17.36809, 2.266567, 62.95634, -111.0946, 34.86117, 36.96635, 20.41718, 1.048242
23:39:33, Human_153, Phone, -0.1063745, 9.802174, 0.007337643, 358.7834, 44.22665, 12.40343, -111.0177, 35.16555, 37.0307, 19.98985, 0.8767166
23:39:33, Human_153, SmartWatch, 0.04610344, 9.722182, 0.0940985, 17.33977, 28.03803, 62.95465, -111.0338, 35.16294, 36.96619, 19.99123, 0.9519941
23:39:33, Human_154, Phone, 0.01116132, 9.760077, 0.05234795, 359.3257, 333.6443, 358.811, -111.0782, 35.23613, 37.04797, 19.92416, 0.8814806
23:39:33, Human_154, SmartWatch, 0.2565725, 9.820078, -0.1644262, 331.2565, 59.60524, 354.757, -110.9527, 35.23466, 36.95047, 19.92279, 1.043573
23:39:33, Human_155, Phone, 0.1497309, 9.783796, 0.1519269, 349.8524, 241.8659, 356.4863, -111.007, 34.83596, 36.94816, 19.91913, 0.9781233
23:39:33, Human_155, SmartWatch, -0.09823947, 9.773366, 0.04057344, 325.4549, 349.6625, 341.5813, -110.9059, 34.83689, 37.02588, 19.9173, 1.068222
23:39:33, Human_156, SmartWatch, -0.8247121, 9.433795, 0.2586937, 0.6033014, 290.6355, 56.84389, -110.9524, 34.67159, 36.94493, 20.1368, 0.9848402
23:39:33, Human_157, Phone, -2.392727, 9.677409, -0.08960592, 344.1204, 287.2931, 4.862935, -111.0826, 34.50089, 36.96711, 20.14847, 1.013146
23:39:33, Human_157, SmartWatch, -3.377192, 9.902734, 0.03058363, 9.101357, 287.6286, 58.97157, -110.9016, 34.50008, 36.90844, 20.14572, 0.9672756
23:39:33, Human_158, Phone, -0.0382531, 9.784145, 0.02660813, 358.751, 40.40323, 12.52294, -111.0876, 34.81859, 36.97479, 19.82918, 1.03184
23:39:33, Human_158, SmartWatch, 0.01430623, 9.821041, 0.02593263, 17.39061, 24.26472, 62.94091, -110.9248, 34.8159, 37.01715, 19.83032, 1.067194
23:39:33, Human_159, Phone, -2.943629, 9.652778, -0.5525885, 344.1534, 283.9349, 3.703789, -111.0041, 34.60367, 36.94609, 20.13268, 0.9994125
23:39:33, Human_159, SmartWatch, -2.625718, 9.651863, -0.3507813, 2.08692, 287.0747, 56.78515, -110.9259, 34.60285, 37.08701, 20.12993, 0.9639745
23:39:33, Human_160, Phone, -0.0173792, 9.836453, -0.02158956, 358.5967, 294.5417, 359.4853, -110.9229, 34.6711, 37.02172, 20.11528, 0.8706716
23:39:33, Human_160, SmartWatch, 0.03840566, 9.81184, 0.001700065, 295.7087, 280.8524, 109.4411, -110.9958, 34.66957, 36.97736, 20.11436, 1.26087
23:39:33, Human_161, SmartWatch, 0.03212468, 9.800388, -0.02682229, 17.31057, 93.46164, 62.91919, -110.93, 34.66547, 36.92894, 20.47989, 0.9734512
23:39:33, Human_162, SmartWatch, 15.34588, 9.841533, 1.969092, 17.32215, 108.5092, 62.97974, -110.9037, 34.70982, 37.04993, 20.41718, 0.9993215
23:39:33, Human_163, Phone, 1.881612, 9.83271, 0.9052698, 343.5016, 54.80806, 5.690629, -110.965, 34.71668, 37.06126, 20.00107, 0.9879032
23:39:33, Human_163, SmartWatch, 2.849033, 9.999606, 1.841272, 13.62321, 47.45601, 60.45332, -110.9469, 34.71481, 36.93533, 20.00313, 0.9698354
23:39:33, Human_164, Phone, 0.02860316, 9.723349, -2.143024, 358.2582, 204.5577, 6.00631, -111.0868, 34.81481, 37.09141, 20.17982, 0.866087
23:39:33, Human_164, SmartWatch, 0.189089, 9.720798, -2.310757, 25.70087, 182.3898, 60.45729, -110.9676, 34.81779, 36.91722, 20.17982, 1.055265
23:39:33, Human_165, Phone, 0.2452384, 9.829464, -0.02698477, 358.7427, 86.41899, 12.41576, -111.0387, 34.88313, 37.0641, 20.52063, 0.8764981
23:39:33, Human_165, SmartWatch, -0.4110642, 9.874557, -0.2089567, 17.29943, 70.16146, 62.95393, -111.0756, 34.88212, 36.97482, 20.52338, 1.04317
23:39:33, Human_166, Phone, 0.2180627, 9.834534, -0.9103119, 357.8247, 356.2453, 357.1063, -111.0578, 35.04934, 37.021, 20.03632, 0.9924517
23:39:33, Human_166, SmartWatch, 0.2210007, 9.818039, -0.9073631, 323.2915, 88.23429, 347.5165, -110.9065, 35.0473, 37.03487, 20.03609, 1.203476
23:39:33, Human_167, Phone, -0.7818779, 9.883596, -2.096396, 358.4345, 211.3562, 5.940197, -111.0914, 35.14987, 36.97767, 20.33432, 0.9436782
23:39:33, Human_167, SmartWatch, 0.2386322, 10.09397, -0.1542159, 12.14658, 204.7686, 62.33065, -111.0129, 35.15251, 36.94276, 20.33363, 1.002183
23:39:33, Human_168, Phone, -2.203428, 9.844834, 0.3451635, -0.03511529, 275.5906, 0.04166422, -110.9075, 34.4293, 36.97952, 19.78294, 1.039836
23:39:33, Human_168, SmartWatch, -2.241131, 9.824536, 0.2526462, -0.006696655, 275.5416, -0.07936908, -110.9642, 34.42861, 36.93999, 19.77837, 1.433481
23:39:33, Human_169, SmartWatch, 2.314711, 9.815485, 0.2876579, 357.6173, 97.81509, 53.21661, -110.9332, 35.01214, 36.96, 20.22423, 1.063604
23:39:33, Human_170, Phone, -1.672507, 9.762691, -1.589067, 339.7389, 241.2302, 3.424834, -111.0265, 34.445, 36.99619, 19.85115, 0.9873377
23:39:33, Human_170, SmartWatch, -1.735416, 9.75971, -1.674727, 358.3589, 247.5392, 54.30629, -110.9771, 34.44619, 37.02033, 19.8484, 0.9376889
23:39:33, Human_171, Phone, 0.25608, 9.63619, -2.153765, 3.294426, 185.9684, 8.57317, -110.9179, 35.07628, 37.09134, 20.03906, 0.8670455
23:39:33, Human_171, SmartWatch, 0.275943, 9.669111, -2.23822, 27.0256, 170.2334, 61.59622, -111.077, 35.07919, 37.07764, 20.03998, 1.009023
23:39:33, Human_172, Phone, -0.08329532, 9.779839, 4.12285, 0.03417263, 3.814396, -0.04935428, -111.0126, 34.61613, 36.91792, 19.72916, 0.913838
23:39:33, Human_172, SmartWatch, -0.1623819, 9.79755, 3.990878, 0.01941367, 3.770425, 0.003047051, -111.0415, 34.61155, 37.01385, 19.72961, 1.442661
23:39:33, Human_173, Phone, 0.5453323, 9.744643, -0.8512648, 1.121296, 343.1302, 358.9391, -111.0154, 34.57526, 37.01242, 19.90631, 0.9223312
23:39:33, Human_173, SmartWatch, 0.5889478, 9.770688, -0.7821733, 321.046, 105.6788, 309.9514, -111.0793, 34.57351, 37.03695, 19.90631, 1.488693
23:39:33, Human_174, Phone, 3.201919, 9.873021, 0.3947667, 357.8482, 81.59608, 357.0265, -110.9496, 34.87414, 36.96703, 20.61241, 1.000357
23:39:33, Human_174, SmartWatch, -3.627567, 9.776806, -0.6370273, 323.2686, 173.4703, 347.5201, -111.0484, 34.87363, 36.97552, 20.61424, 1.024785
23:39:33, Human_175, Phone, 3.086823, 10.0223, 0.2398117, 344.6575, 112.8151, 6.986567, -110.9966, 35.20469, 36.95484, 20.13428, 0.8713881
23:39:33, Human_175, SmartWatch, 5.094222, 10.05661, -0.3208211, 22.60579, 106.0438, 60.62875, -111.0781, 35.20535, 36.90958, 20.13702, 1.051024
23:39:33, Human_176, Phone, 0.1687219, 9.681739, 0.4544482, 352.8871, 153.3705, 9.070989, -111.0088, 35.03204, 36.989, 20.12741, 1.025013
23:39:33, Human_176, SmartWatch, 0.6265337, 9.688924, 0.6049556, 15.52862, 140.5745, 62.03512, -111.0884, 35.03432, 36.91808, 20.12924, 1.016408
23:39:33, Human_177, Phone, -0.2940925, 9.848296, -0.1677088, 1.106998, 101.1772, 358.9314, -111.0529, 34.83947, 37.09518, 20.16289, 0.8589771
23:39:33, Human_177, SmartWatch, -0.3714857, 9.72525, -0.09998943, 320.9945, 223.6708, 309.815, -110.9662, 34.84039, 36.93484, 20.16449, 1.502957
23:39:33, Human_178, Phone, -0.090278, 9.843562, -0.01358516, 358.7742, 108.5428, 12.44953, -111.0037, 34.83168, 36.97839, 20.55771, 0.9096925
23:39:33, Human_178, SmartWatch, 0.01257053, 9.769857, -0.01110024, 17.33428, 92.38662, 62.8956, -111.0981, 34.83179, 36.97578, 20.56068, 0.9469823
23:39:33, Human_179, Phone, 3.788445, 9.728209, 0.176597, 338.9094, 98.36488, 4.103471, -110.9449, 35.09466, 37.06694, 20.24483, 1.003362
23:39:33, Human_179, SmartWatch, 4.737705, 9.985333, 0.3142643, 1.068832, 99.02734, 55.70538, -110.9967, 35.09521, 37.09861, 20.2478, 1.120627
23:39:33, Human_180, Phone, -0.06724167, 9.800434, -0.01810765, 356.9108, 354.7892, 356.9324, -111.0093, 35.07138, 36.97221, 19.90334, 0.9162014
23:39:33, Human_180, SmartWatch, -0.01196122, 9.831199, -0.05815341, 322.9088, 87.31885, 348.2514, -111.0113, 35.06936, 36.97565, 19.90288, 1.066045
23:39:33, Human_181, Phone, 0.002176628, 9.700198, 2.04501, 349.667, 6.309804, 8.397234, -111.0799, 35.03691, 37.0333, 20.09193, 0.898865
23:39:33, Human_181, SmartWatch, 0.1188143, 9.630857, 2.926774, 24.30555, 349.0177, 59.98996, -111.0854, 35.03406, 37.00365, 20.09125, 1.027284
23:39:33, Human_182, Phone, 0.1817524, 9.790144, 0.05712876, 356.9219, 221.8912, 356.9315, -110.9636, 35.07638, 36.93159, 20.60715, 0.9970295
23:39:33, Human_182, SmartWatch, 0.1865834, 9.756794, 0.01413863, 322.9522, 314.2401, 348.1663, -111.0912, 35.07806, 37.06175, 20.60577, 1.192661
23:39:33, Human_183, Phone, -0.1368558, 9.762812, -0.335047, 358.8874, 10.21432, 12.46168, -110.9666, 34.65298, 37.03219, 20.28694, 0.8862804
23:39:33, Human_183, SmartWatch, -0.2674616, 9.825171, 0.6027614, 17.32329, 354.0932, 62.94153, -111.0109, 34.65005, 37.0985, 20.28671, 0.9276936
23:39:33, Human_184, Phone, -1.709769, 9.729308, 1.399768, 338.7573, 320.7512, 3.409232, -111.073, 34.45929, 36.99678, 20.09766, 0.8321142
23:39:33, Human_184, SmartWatch, -2.714242, 10.00039, 2.113321, 3.195634, 326.1363, 55.57335, -110.9993, 34.4569, 36.9465, 20.09583, 0.9483892
23:39:33, Human_185, Phone, -0.04912993, 9.751648, 0.002439898, 358.8186, 47.10135, 12.51405, -111.0129, 34.69049, 36.95937, 19.73442, 0.9117362
23:39:33, Human_185, SmartWatch, -0.0166869, 9.880868, 0.1535885, 17.28159, 30.91294, 63.01243, -110.9755, 34.68795, 36.9444, 19.73579, 0.9161714
23:39:33, Human_186, Phone, -0.06933943, 9.847866, -0.0233313, 358.7959, 346.1786, 12.47727, -111.0076, 34.91821, 36.90207, 20.71747, 1.023898
23:39:33, Human_186, SmartWatch, -0.003853785, 9.835606, -0.02830223, 17.29009, 329.9747, 62.95142, -110.9055, 34.91566, 36.94135, 20.71609, 0.9228615
23:39:33, Human_187, Phone, 0.01310149, 9.750093, -0.0631552, 356.9377, 286.4721, 357.0397, -110.9838, 34.65078, 36.98164, 20.09033, 0.9499874
23:39:33, Human_187, SmartWatch, -0.03543449, 9.737085, 0.001641279, 323.0131, 18.90172, 348.2195, -110.9569, 34.65041, 36.99079, 20.08827, 1.083578
23:39:33, Human_188, Phone, 2.313691, 9.591609, 0.3480269, 337.1448, 91.12914, 3.101573, -110.9954, 34.50773, 37.0029, 20.06104, 0.9405919
23:39:33, Human_189, Phone, 3.122388, 9.277138, 0.9992818, 342.8401, 274.8526, 359.5019, -110.9176, 34.97747, 36.92861, 20.13817, 0.8498604
23:39:33, Human_189, SmartWatch, 0.9267133, 9.963338, 1.891231, 7.001814, 283.8104, 60.46152, -111.0036, 34.97701, 37.09625, 20.13542, 1.058054
23:39:33, Human_190, Phone, 0.002421431, 9.782179, -0.07851854, 0.1609947, 194.5822, 359.4949, -111.0921, 34.76213, 37.07714, 20.28923, 0.9390806
23:39:33, Human_190, SmartWatch, 0.1252387, 9.758802, 0.0002645329, 295.7639, 184.6239, 104.9276, -111.05, 34.76346, 37.06343, 20.28786, 1.380667
23:39:33, Human_191, Phone, 0.1061289, 9.84758, -1.282018, 358.8825, 356.9996, 12.4138, -111.0616, 34.59419, 36.96632, 20.3231, 1.001014
23:39:33, Human_191, SmartWatch, -1.078544, 9.882512, 1.668587, 17.30601, 340.7399, 63.02521, -111.0937, 34.5914, 36.99666, 20.32196, 1.104386
23:39:33, Human_192, Phone, -2.273699, 9.858642, -0.672971, 5.677033, 262.2913, 6.90283, -110.9801, 34.47144, 36.94496, 19.78203, 0.9322678
23:39:33, Human_192, SmartWatch, -2.094898, 9.802632, -0.5956892, 20.4243, 249.4156, 62.07669, -110.9437, 34.47291, 37.07911, 19.77951, 1.00044
23:39:33, Human_193, Phone, 0.002637362, 9.777886, 0.2405886, 0.07444295, 224.7541, -0.04018448, -110.9687, 34.40346, 37.05357, 20.40092, 1.016343
23:39:33, Human_193, SmartWatch, -0.1101271, 9.827733, 0.07896928, -0.02971054, 224.8137, 0.0631808, -110.9943, 34.40655, 37.01098, 20.39749, 1.527956
23:39:33, Human_194, SmartWatch, -4.089322, 10.07542, -4.012213, 15.56892, 244.3686, 60.00108, -111.0892, 34.62046, 36.90899, 19.88228, 1.102839
23:39:33, Human_195, Phone, 1.434037, 9.832969, 1.932495, 346.4181, 53.623, 7.967645, -111.0389, 35.20424, 36.99551, 20.68954, 0.9359264
23:39:33, Human_195, SmartWatch, 1.544813, 9.842027, 2.106481, 24.49073, 44.88036, 60.58279, -110.9901, 35.20207, 37.01199, 20.69138, 0.9473461
23:39:33, Human_196, Phone, 0.009754878, 9.737148, 0.0631332, 357.4598, 168.2534, 357.3569, -110.9791, 35.041, 37.06007, 20.10521, 0.8715189
23:39:33, Human_196, SmartWatch, -0.02660637, 9.77032, 0.08133569, 323.1878, 261.5127, 346.3764, -110.9609, 35.043, 36.90951, 20.10567, 1.187731
23:39:33, Human_197, Phone, 1.402399, 9.778382, -1.820498, -0.03348369, 143.6698, 0.04223318, -110.9561, 34.46174, 36.97882, 19.85847, 0.9280342
23:39:33, Human_197, SmartWatch, 1.415651, 9.827951, -1.729702, -0.07845846, 143.5907, 0.01661048, -111.0579, 34.46559, 37.08257, 19.86099, 1.435284
23:39:33, Human_198, Phone, -1.86628, 9.993006, -1.266433, 0.05084432, 247.1116, 6.189398, -110.9685, 34.63544, 37.0066, 19.94499, 0.9098626
23:39:33, Human_198, SmartWatch, 0.03849866, 10.05788, -0.2900698, 13.13211, 239.9712, 62.42109, -111.0094, 34.63716, 36.99697, 19.9427, 1.095752
23:39:33, Human_199, Phone, -0.01066274, 9.795962, 0.01672628, 1.944259, 25.36253, 0.4066202, -111.0126, 35.03643, 37.00213, 19.89807, 0.958795
23:39:33, Human_199, SmartWatch, -0.1378999, 9.900829, -0.0165012, 288.2603, 25.25595, 90.21228, -110.9776, 35.03524, 36.94892, 19.89967, 1.301726
