Activity Date,Elapsed Time,Distance,Max Heart Rate,Relative Effort,Athlete Weight,Bike Weight,Moving Time,Max Speed,Average Speed,Elevation Gain,Elevation Loss,Elevation Low,Elevation High,Max Grade,Average Grade,Max Cadence,Average Cadence,Average Heart Rate,Average Watts,Calories,Average Temperature,Total Work,Perceived Exertion,Weighted Average Power,Power Count,Prefer Perceived Exertion,Perceived Relative Effort,Grade Adjusted Distance,Average Elapsed Speed,60 Day Maximum Power 5s,60 Day Maximum Power 10s,60 Day Maximum Power 30s,60 Day Maximum Power 1.0min,60 Day Maximum Power 5.0min,60 Day Maximum Power 10.0min,60 Day Maximum Power 20.0min,60 Day Maximum Power 30.0min,60 Day Maximum Power 1.0 hr,60 Day Maximum Power 1.5 hr,60 Day Maximum Power 2.0 hr,FTP
2019-12-13 01:46:07,3859,22.97,139.0,11.0,84.0,,3811.0,10.1999998092651,5.98899984359741,126.0,120.0,12.0,40.0,16.3999996185303,0.0217667650431394,94.0,58.9911460876465,108.0,105.859436035156,141.0,20.0,351656.0,,127.0,3860.0,,,,,439.2,412.9,342.1,221.2,162.2,136.3,120.8,109.8,105.4,0.0,0.0,222.5
2019-12-20 23:05:01,4852,29.65,133.0,12.0,84.0,,4693.0,14.1000003814697,6.34299993515015,89.0,95.0,24.0,44.0,15.3999996185303,-0.0101151438429951,83.0,59.9687042236328,103.0,112.488006591797,148.0,20.0,461703.0,,122.0,4853.0,,,,,439.2,412.9,342.1,221.2,162.2,136.3,122.1,120.3,115.6,0.0,0.0,222.6
2019-12-21 23:25:29,5817,32.38,139.0,19.0,84.0,,5601.0,12.0,5.80000019073486,186.0,177.0,-25.0,45.0,15.6000003814697,0.0185283552855253,90.0,58.7580604553223,113.0,104.46622467041,253.0,20.0,479712.0,,117.0,5795.0,,,,,439.2,412.9,342.1,221.2,162.2,136.3,127.5,125.5,115.6,104.7,0.0,222.6
2019-12-24 01:19:17,3851,21.68,140.0,11.0,84.0,,3816.0,11.3999996185303,5.69700002670288,244.0,242.0,51.0,100.0,18.8999996185303,0.0138338096439838,95.0,59.9885711669922,107.0,110.310623168945,217.0,24.0,360425.0,,143.0,3852.0,,,,,473.0,452.0,342.1,262.0,162.2,146.7,139.7,134.0,115.6,104.7,0.0,222.6
2019-12-26 00:09:08,5843,32.36,131.0,14.0,80.0,,5740.0,10.8999996185303,5.65700006484985,195.0,174.0,-125.0,-47.0,43.5,0.0648839026689529,85.0,57.6036491394043,99.0,95.2890472412109,178.0,22.0,469856.0,,110.0,5837.0,,,,,473.0,452.0,342.1,262.0,162.2,146.7,139.7,134.0,115.6,104.7,0.0,222.7
2019-12-27 23:38:08,6953,32.84,139.0,15.0,80.0,,5381.0,12.8000001907349,6.11100006103516,233.0,188.0,-4.0,63.0,33.2999992370606,0.146125838160515,107.0,64.3773422241211,105.0,102.746635437012,241.0,28.0,460049.0,,125.0,5852.0,,,,,473.0,452.0,342.1,262.0,170.2,146.7,139.7,134.0,115.6,104.7,0.0,222.7
2019-12-31 01:48:12,5567,34.98,147.0,25.0,80.0,,5468.0,12.8000001907349,6.41200017929077,274.0,283.0,10.0,66.0,21.5,-0.0080027664080262,103.0,69.6453094482422,121.0,130.213470458984,535.0,24.0,593798.0,,150.0,5568.0,,,,,487.8,452.0,342.1,278.3,172.1,163.9,156.5,148.3,134.7,130.4,0.0,222.7
2020-01-02 03:43:00,3727,25.22,142.0,14.0,80.0,,3712.0,13.1999998092651,6.84600019454956,140.0,177.0,2.0,54.0,17.5,-0.162559077143669,99.0,71.9583358764648,117.0,142.300842285156,319.0,27.0,439224.0,,161.0,3728.0,,,,,514.4,452.0,342.1,278.3,185.0,175.4,166.4,153.6,143.4,130.4,0.0,222.7
2020-01-03 23:27:55,7352,45.79,140.0,25.0,80.0,,7336.0,13.0,6.2519998550415,451.0,453.0,28.0,82.0,19.6000003814697,0.0021838448010385,105.0,67.0734405517578,112.0,123.716979980469,460.0,28.0,756496.0,,144.0,7353.0,,,,,514.4,452.0,342.1,278.7,185.0,175.4,166.4,153.6,143.4,130.4,124.6,222.8
2020-01-05 01:30:44,5913,34.01,136.0,15.0,80.0,,5843.0,16.2000007629395,5.81799983978272,185.0,190.0,-28.0,58.0,17.3999996185303,-0.0117586189880967,99.0,67.9906692504883,101.0,108.20263671875,218.0,12.0,519548.0,,120.0,5914.0,,,,,514.4,452.0,342.1,278.7,185.0,175.4,166.4,153.6,143.4,130.4,124.6,222.8
2020-01-06 23:16:34,7623,47.69,144.0,28.0,80.0,,7623.0,13.3000001907349,6.28399991989136,466.0,453.0,69.0,124.0,19.0,0.0335460714995861,103.0,68.6155624389648,114.0,122.376693725586,544.0,17.0,767761.0,,143.0,7624.0,,,,,514.4,452.0,342.1,278.7,185.0,175.4,166.4,153.6,143.4,130.4,124.6,222.8
2020-01-18 01:09:07,9744,63.36,137.0,27.0,80.0,,8970.0,12.5,7.10500001907349,185.0,157.0,6.0,41.0,10.3999996185303,0.0378792658448219,94.0,74.1540069580078,110.0,121.673431396484,347.0,29.0,874687.0,,131.0,9739.0,,,,,514.4,452.0,342.1,278.7,185.0,175.4,166.4,153.6,143.4,136.1,130.1,223.0
2020-01-18 23:26:33,5665,37.37,125.0,17.0,80.0,,5332.0,9.39999961853027,7.02899980545044,3.0,0.0,59.0,65.0,6.09999990463257,0.0107027711346745,88.0,69.1718597412109,111.0,123.157127380371,163.0,23.0,555592.0,,126.0,5666.0,,,,,514.4,452.0,342.1,278.7,185.0,175.4,166.4,153.6,143.4,136.1,130.1,223.0
2020-01-20 23:14:56,5664,37.35,151.0,13.0,80.0,,5419.0,9.5,6.84999990463257,3.0,0.0,-9.0,-1.0,9.89999961853027,0.0133837629109621,85.0,68.0452880859375,99.0,119.535003662109,165.0,18.0,555761.0,,127.0,5665.0,,,,,514.4,452.0,342.1,278.7,185.0,175.4,166.4,153.6,143.4,136.1,130.1,223.0
2020-01-21 20:59:59,2669,19.44,141.0,11.0,80.0,,2635.0,11.3000001907349,7.45599985122681,51.0,20.0,7.0,43.0,12.0,0.174823373556137,94.0,77.5830917358398,121.0,134.996932983398,254.0,20.0,286802.0,,148.0,2670.0,,,,,514.4,452.0,342.1,278.7,185.0,175.4,166.4,153.6,143.4,136.1,130.1,223.0
2020-01-24 00:14:17,5543,37.34,125.0,14.0,80.0,,5381.0,8.89999961853027,6.92999982833862,,0.0,26.0,31.0,10.0,-0.0053558996878564,89.0,73.1250686645508,104.0,132.802093505859,162.0,20.0,593960.0,,142.0,5544.0,,,,,514.4,452.0,342.1,278.7,185.0,175.4,166.4,153.6,145.2,136.1,130.1,223.0
2020-01-25 02:49:30,7690,50.89,143.0,31.0,80.0,,7340.0,12.0,6.95800018310547,143.0,133.0,0.0,28.0,9.80000019073486,0.0078591639176011,95.0,75.0333023071289,121.0,122.186752319336,631.0,27.0,727087.0,,132.0,7691.0,,,,,514.4,452.0,342.1,278.7,185.0,175.4,166.4,153.6,145.2,136.1,130.1,223.0
2020-01-27 00:59:24,5635,37.79,122.0,14.0,80.0,,5486.0,10.0,6.89200019836426,6.0,0.0,3.0,13.8000001907349,10.0,0.0238115396350622,86.0,67.8686981201172,101.0,121.915756225586,164.0,24.0,578866.0,,128.0,5636.0,,,,,514.4,452.0,342.1,278.7,185.0,175.4,166.4,153.6,145.2,136.1,130.1,223.1
2020-01-29 01:33:10,7903,50.12,134.0,22.0,80.0,,7333.0,12.0,6.83199977874756,46.0,31.0,-75.0,-57.0,11.5,0.0199518762528896,88.0,68.9260864257813,110.0,126.237693786621,280.0,27.0,776760.0,,135.0,7904.0,,,,,514.4,452.0,342.1,278.7,185.0,175.4,166.4,153.6,145.2,138.4,130.1,223.1
2020-02-01 21:42:49,2097,20.21,160.0,60.0,80.0,8.0,2097.0,12.1000003814697,9.63799953460693,16.0,21.0,0.0,9.0,24.3999996185303,-0.0148391434922814,92.0,82.3483123779297,155.0,228.07926940918,577.0,14.0,403349.0,9.0,231.0,2098.0,0.0,104.0,,,514.4,452.0,342.1,292.9,244.6,238.9,233.6,232.9,145.2,138.4,130.1,223.1
2020-02-04 03:50:34,7986,47.71,144.0,29.0,80.0,8.0,7199.0,12.1000003814697,6.6479997634887695,98.0,80.0,-14.0,12.0,18.2000007629395,0.0356297008693218,94.0,73.091796875,121.0,123.109878540039,587.0,20.0,724249.0,,130.0,7987.0,,,,,514.4,452.0,342.1,292.9,244.6,238.9,233.6,232.9,145.2,138.4,130.1,223.2
2020-02-07 00:22:14,7998,51.69,140.0,24.0,80.0,8.0,7414.0,11.5,6.99900007247925,176.0,173.0,55.0,83.0,12.3000001907349,0.0077375876717269,98.0,75.4838638305664,113.0,126.360954284668,342.0,25.0,746630.0,,137.0,7970.0,,,,,514.4,452.0,342.1,292.9,244.6,238.9,233.6,232.9,145.2,138.6,130.1,223.2
2020-02-09 00:37:01,5705,38.41,139.0,20.0,80.0,8.0,5428.0,10.3999996185303,7.09499979019165,23.0,13.0,-23.0,-6.0,11.8000001907349,0.0338405966758728,94.0,73.3524322509766,118.0,120.302825927734,340.0,28.0,540973.0,,126.0,5706.0,,,,,514.4,452.0,342.1,292.9,244.6,238.9,233.6,232.9,145.2,138.6,130.1,223.2
2020-02-10 23:50:17,6516,43.18,139.0,20.0,80.0,8.0,5820.0,11.1999998092651,7.4520001411438,83.0,84.0,14.0,45.0,16.8999996185303,-0.0092625180259346,147.0,73.9319534301758,114.0,135.183715820313,356.0,22.0,794892.0,,145.0,6457.0,,,,,514.4,452.0,342.1,292.9,244.6,238.9,233.6,232.9,153.9,141.3,130.1,223.2
2020-02-12 23:24:55,3678,17.89,146.0,11.0,80.0,8.0,3283.0,14.8999996185303,5.45699977874756,155.0,150.0,31.0,97.0,22.5,0.0614841133356094,99.0,62.5993232727051,111.0,100.2578125,208.0,26.0,272523.0,,130.0,3679.0,,,,,514.4,452.0,320.2,292.9,244.6,238.9,233.6,232.9,153.9,141.3,130.1,223.3
2020-02-13 02:20:40,4153,22.52,144.0,13.0,80.0,8.0,3696.0,14.8000001907349,6.10200023651123,166.0,185.0,11.0,77.0,15.8999996185303,-0.0976848676800727,104.0,68.1931686401367,111.0,108.708435058594,240.0,31.0,329157.0,,134.0,4043.0,,,,,514.4,452.0,330.4,292.9,244.6,238.9,233.6,232.9,153.9,141.3,130.1,223.3
2020-02-14 23:32:52,9466,74.13,133.0,31.0,80.0,8.0,9297.0,10.8999996185303,7.98199987411499,4.0,5.0,-1.0,8.0,14.5,-0.0026976864319294,144.0,70.7959899902344,116.0,147.622772216797,350.0,16.0,1395488.0,,153.0,9467.0,,,,,514.4,452.0,330.4,292.9,244.6,238.9,233.6,232.9,153.9,152.8,152.6,223.3
2020-02-16 03:43:38,5725,42.75,144.0,29.0,80.0,8.0,5561.0,11.1000003814697,7.69299983978272,6.0,0.0,11.0,17.0,6.59999990463257,0.0093551715835928,148.0,72.2974319458008,126.0,133.12565612793,762.0,26.0,758704.0,,140.0,5726.0,,,,,514.4,452.0,330.4,292.9,244.6,238.9,233.6,232.9,153.9,152.8,152.6,223.3
2020-02-17 22:31:19,5627,40.06,133.0,16.0,80.0,8.0,5486.0,9.89999961853027,7.40299987792969,39.0,46.0,-1.0,12.0,10.8000001907349,-0.0174710862338542,132.0,74.5966415405273,110.0,133.842712402344,181.0,18.0,742595.0,,140.0,5628.0,,,,,514.4,452.0,330.4,292.9,244.6,238.9,233.6,232.9,153.9,152.8,152.6,223.3
2020-02-19 23:57:07,5827,40.35,149.0,18.0,80.0,8.0,5595.0,11.3000001907349,7.24399995803833,93.0,92.0,35.7999992370606,65.4000015258789,5.69999980926514,-0.0064424369484186,148.0,77.0870056152344,111.0,136.929870605469,205.0,16.0,758017.0,,144.0,5828.0,,,,,514.4,452.0,330.4,292.9,244.6,238.9,233.6,232.9,153.9,152.8,152.6,223.4
2020-02-22 01:13:22,1945,13.56,138.0,6.0,80.0,8.0,1886.0,12.8000001907349,7.19099998474121,82.0,83.0,2.40000009536743,25.6000003814697,8.30000019073486,0.0014746326487511,103.0,73.8463287353516,109.0,125.544143676758,79.0,22.0,187136.0,,139.0,1946.0,,,,,514.4,452.0,330.4,292.9,244.6,238.9,233.6,232.9,153.9,152.8,152.6,223.4
2020-02-24 22:35:39,6091,40.26,143.0,18.0,80.0,8.0,5671.0,11.1000003814697,7.13299989700317,94.0,93.0,0.600000023841858,28.6000003814697,6.09999990463257,0.0044705946929752,122.0,75.8836212158203,111.0,116.830078125,278.0,23.0,656581.0,,130.0,6092.0,,,,,514.4,445.8,330.4,292.9,244.6,238.9,233.6,232.9,153.9,152.8,152.6,223.4
2020-02-26 23:42:10,6078,41.28,138.0,19.0,80.0,8.0,5643.0,11.8000001907349,7.38899993896484,112.0,102.0,13.6000003814697,44.2000007629395,13.6999998092651,0.0130789242684841,121.0,76.3491592407227,114.0,138.392837524414,296.0,16.0,1532884.0,,145.0,6052.0,,,,,514.4,445.8,330.4,292.9,244.6,238.9,233.6,232.9,153.9,152.8,152.6,223.5
2020-02-28 21:43:19,3048,19.05,135.0,8.0,80.0,8.0,2828.0,15.8000001907349,6.79500007629395,55.0,59.0,5.59999990463257,35.7999992370606,3.40000009536743,-0.0335831083357334,153.0,74.4568939208984,108.0,114.438552856445,120.0,14.0,636945.0,,130.0,3036.0,,,,,514.4,445.8,330.4,292.9,244.6,238.9,233.6,232.9,153.9,152.8,152.6,223.5
2020-02-29 01:22:26,5284,38.01,144.0,23.0,80.0,8.0,5009.0,12.6999998092651,7.63800001144409,147.0,163.0,11.1999998092651,38.5999984741211,16.7000007629395,-0.0405125617980957,231.0,76.5298080444336,121.0,140.226119995117,508.0,24.0,1386055.0,,153.0,5285.0,,,,,514.4,445.8,360.9,292.9,244.6,238.9,233.6,232.9,153.9,152.8,152.6,223.5
2020-03-01 00:05:02,5521,38.11,128.0,17.0,80.0,8.0,5472.0,17.7000007629395,7.02199983596802,13.0,4.0,68.4000015258789,78.5999984741211,15.3999996185303,0.0183655694127082,140.0,69.8932266235352,112.0,114.642585754395,169.0,27.0,1244405.0,,125.0,5522.0,,,,,514.4,445.8,360.9,292.9,244.6,238.9,233.6,232.9,153.9,152.8,152.6,223.5
2020-03-03 00:22:43,7088,50.87,144.0,25.0,80.0,8.0,6662.0,11.8000001907349,7.66099977493286,187.0,179.0,4.19999980926514,33.4000015258789,6.69999980926514,0.0062902476638555,147.0,77.8497467041016,117.0,152.304916381836,505.0,17.0,2010874.0,,162.0,7072.0,,,,,479.4,438.5,360.9,292.9,244.6,238.9,233.6,232.9,171.7,165.1,152.6,223.5
2020-03-08 02:00:56,6249,41.65,133.0,17.0,80.0,8.0,5848.0,14.5,7.17999982833862,109.0,102.0,12.1999998092651,38.7999992370606,7.0,0.0052812127396464,143.0,75.0280227661133,109.0,131.203155517578,226.0,22.0,756067.0,,141.0,6224.0,,,,,479.4,438.5,360.9,292.9,244.6,238.9,233.6,232.9,171.7,165.1,152.6,223.6
2020-03-09 23:34:29,7379,52.01,135.0,21.0,80.0,8.0,6927.0,11.6999998092651,7.48999977111816,189.0,182.0,7.19999980926514,36.4000015258789,5.90000009536743,0.0030761186499148,130.0,75.3211364746094,110.0,140.849975585938,318.0,19.0,969105.0,,151.0,7380.0,,,,,481.8,438.5,360.9,292.9,244.6,238.9,233.6,232.9,171.7,165.1,152.6,223.6
2020-03-14 02:46:39,8670,60.21,140.0,27.0,80.0,8.0,8402.0,12.3999996185303,7.18599987030029,274.0,279.0,38.4000015258789,68.4000015258789,14.3000001907349,0.0046502514742314,137.0,73.040412902832,112.0,143.061538696289,337.0,17.0,1205066.0,,151.0,8671.0,,,,,481.8,438.5,360.9,292.9,244.6,238.9,233.6,232.9,171.7,165.1,152.6,223.7
2020-03-17 00:11:30,8143,53.92,135.0,24.0,80.0,8.0,7639.0,13.8000001907349,7.10200023651123,212.0,212.0,43.4000015258789,73.8000030517578,10.8000001907349,0.0070464322343468,109.0,72.8859329223633,112.0,130.937438964844,418.0,26.0,1005396.0,,142.0,8144.0,,,,,481.8,438.5,360.9,292.9,244.6,238.9,233.6,232.9,171.7,165.1,152.6,223.7
2020-03-19 01:30:32,7945,56.97,144.0,30.0,80.0,8.0,7538.0,13.5,7.55999994277954,197.0,197.0,-4.59999990463257,27.2000007629395,6.19999980926514,0.0172010697424411,135.0,74.9553680419922,119.0,145.042663574219,625.0,28.0,1109022.0,,157.0,7946.0,,,,,481.8,438.5,360.9,292.9,244.6,238.9,233.6,232.9,171.7,165.1,152.6,223.7
2020-03-21 01:50:41,8837,65.14,129.0,26.0,80.0,8.0,8590.0,9.5,7.56799983978272,34.0,45.0,-22.7999992370605,2.59999990463257,4.0,0.0288600735366344,112.0,69.6244583129883,109.0,152.546722412109,261.0,16.0,1336629.0,,157.0,8838.0,,,,,481.8,438.5,360.9,292.9,244.6,238.9,233.6,232.9,171.7,165.1,158.4,223.8
2020-03-22 03:09:29,5994,43.02,138.0,25.0,80.0,8.0,5775.0,10.8000001907349,7.45900011062622,52.0,58.0,26.2000007629395,31.3999996185303,4.0,0.0060432511381804,131.0,73.2244644165039,123.0,153.653671264648,646.0,17.0,891416.0,,158.0,5995.0,,,,,481.8,438.5,360.9,292.9,244.6,238.9,233.6,232.9,171.7,165.1,158.4,223.8
2020-03-24 01:29:26,8533,60.18,141.0,29.0,80.0,8.0,8046.0,11.3999996185303,7.48600006103516,205.0,203.0,14.6000003814697,47.0,5.59999990463257,0.014288586564362,115.0,73.2248306274414,117.0,152.876586914063,568.0,17.0,1237585.0,,160.0,8534.0,,,,,524.4,454.3,360.9,292.9,244.6,238.9,233.6,232.9,171.7,165.1,158.5,223.8
2020-03-26 02:28:32,6077,41.23,137.0,18.0,80.0,8.0,5746.0,12.8000001907349,7.2729997634887695,116.0,109.0,47.7999992370606,80.4000015258789,6.69999980926514,0.0310393329709768,105.0,72.4072570800781,113.0,147.352508544922,327.0,19.0,846966.0,,156.0,6072.0,,,,,524.4,454.3,360.9,292.9,244.6,238.9,233.6,232.9,171.7,165.1,158.5,223.8
2020-03-28 03:19:30,8569,63.79,134.0,29.0,80.0,8.0,8569.0,10.1999998092651,7.4520001411438,90.0,86.0,17.0,30.7999992370605,5.5,0.0175570603460073,103.0,69.7331466674805,116.0,137.537628173828,462.0,26.0,1197081.0,,147.0,8570.0,,,,,524.4,454.3,360.9,292.9,244.6,238.9,233.6,232.9,171.7,165.1,158.5,223.9
2020-04-07 00:49:49,7191,53.38,132.0,23.0,80.0,8.0,7032.0,9.80000019073486,7.52099990844727,20.0,28.0,2.79999995231628,11.1999998092651,2.79999995231628,0.0116146197542548,120.0,72.4235000610352,113.0,157.842910766602,225.0,14.0,1122418.0,,163.0,7192.0,,,,,524.4,454.3,360.9,264.6,202.0,189.1,183.0,179.8,171.7,165.6,158.5,224.0
2020-04-09 01:26:22,7690,63.8,144.0,47.0,80.0,8.0,7596.0,11.0,8.41600036621094,47.0,55.0,50.5999984741211,71.8000030517578,2.5,0.030093053355813,112.0,74.579460144043,128.0,180.664810180664,1193.0,17.0,1389215.0,,187.0,7691.0,,,,,524.4,454.3,360.9,264.6,206.8,202.7,199.3,199.2,196.8,192.4,185.9,224.0
2020-04-13 04:29:29,5734,42.9,144.0,28.0,80.0,8.0,5506.0,12.3999996185303,7.79199981689453,19.0,33.0,13.6000003814697,19.0,3.70000004768372,-0.0018644541269168,104.0,74.2692489624023,124.0,158.942489624023,722.0,15.0,879828.0,,164.0,5735.0,,,,,524.4,454.3,360.9,264.6,206.8,202.7,199.3,199.2,196.8,192.4,185.9,224.1
2020-04-15 00:35:24,9505,63.67,134.0,29.0,80.0,8.0,8681.0,10.3999996185303,7.29699993133545,149.0,123.0,56.4000015258789,82.1999969482422,4.30000019073486,0.0329829305410385,144.0,74.8836364746094,115.0,141.600021362305,375.0,21.0,1241330.0,,149.0,9074.0,,,,,524.4,454.3,360.9,264.6,206.8,202.7,199.3,199.2,196.8,192.4,185.9,224.1
2020-04-17 01:41:32,6990,53.47,139.0,29.0,80.0,8.0,6717.0,10.6000003814697,7.95100021362305,70.0,64.0,-37.4000015258789,-27.0,3.40000009536743,0.0134647144004702,117.0,76.9360656738281,121.0,167.889465332031,620.0,16.0,1140931.0,,173.0,6991.0,,,,,524.4,454.3,360.9,264.6,206.8,202.7,199.3,199.2,196.8,192.4,185.9,224.1
2020-04-18 03:15:36,9341,75.05,142.0,39.0,80.0,8.0,9252.0,10.1000003814697,8.11900043487549,47.0,61.0,60.4000015258789,69.8000030517578,4.09999990463257,0.0085276365280151,116.0,77.4840698242188,123.0,162.674102783203,895.0,13.0,1520080.0,,168.0,9342.0,,,,,524.4,454.3,360.9,264.6,206.8,202.7,199.3,199.2,196.8,192.4,185.9,224.1
2020-04-22 00:41:23,9432,70.29,130.0,28.0,80.0,8.0,9268.0,10.5,7.58199977874756,33.0,40.0,-99.8000030517578,-90.5999984741211,3.20000004768372,0.0062591666355729,143.0,72.2409744262695,110.0,144.765426635742,284.0,14.0,1359041.0,,149.0,9433.0,,,,,524.4,454.3,360.9,264.6,206.8,202.7,199.3,199.2,196.8,192.4,185.9,224.2
2020-04-24 02:11:21,5384,43.01,143.0,29.0,80.0,8.0,5320.0,10.1000003814697,8.09300041198731,38.0,35.0,-4.80000019073486,5.80000019073486,6.09999990463257,0.0172041002660989,178.0,72.5638275146484,125.0,158.571670532227,682.0,20.0,855727.0,,164.0,5385.0,,,,,524.4,454.3,360.9,264.6,206.8,202.7,199.3,199.2,196.8,192.4,185.9,224.2
2020-04-25 03:24:51,11029,80.81,139.0,36.0,80.0,8.0,10771.0,10.3999996185303,7.49499988555908,106.0,98.0,-33.0,-15.8000001907349,4.0,0.0170763544738292,169.0,73.3916015625,114.0,147.544326782227,481.0,19.0,1617699.0,,155.0,11029.0,,,,,524.4,454.3,360.9,264.6,206.8,202.7,199.3,199.2,196.8,192.4,185.9,224.2
2020-04-27 01:31:56,7292,54.74,135.0,23.0,80.0,8.0,7201.0,9.60000038146973,7.6100001335144,26.0,34.0,-9.39999961853027,8.19999980926514,5.30000019073486,0.0211906973272562,148.0,70.3768005371094,114.0,146.683929443359,275.0,15.0,1069742.0,,152.0,7293.0,,,,,524.4,454.3,360.9,264.6,206.8,202.7,199.3,199.2,196.8,192.4,185.9,224.2
2020-04-28 23:32:19,7338,53.46,139.0,24.0,80.0,8.0,7212.0,10.1999998092651,7.3899998664856,61.0,56.0,33.2000007629395,45.0,4.09999990463257,0.0179571490734815,134.0,71.8818283081055,114.0,149.374786376953,368.0,20.0,1088259.0,,158.0,7329.0,,,,,524.4,454.3,360.9,264.6,206.8,202.7,199.3,199.2,196.8,192.4,185.9,224.3
2020-04-30 00:34:25,5572,43.05,145.0,27.0,80.0,8.0,5476.0,10.1999998092651,7.84899997711182,37.0,42.0,69.5999984741211,76.5999984741211,4.0,0.0083624273538589,129.0,71.9987030029297,125.0,168.980804443359,709.0,11.0,932550.0,,174.0,5573.0,,,,,524.4,454.3,313.3,261.4,206.8,202.7,199.3,199.2,196.8,192.4,185.9,224.3
2020-05-02 00:51:52,13982,100.12,142.0,52.0,80.0,8.0,13845.0,10.0,7.23000001907349,232.0,241.0,52.4000015258789,64.1999969482422,5.5,-0.0075906254351139,135.0,69.009635925293,119.0,154.131332397461,768.0,12.0,2149093.0,,161.0,13983.0,,,,,524.4,454.3,313.3,261.4,206.8,202.7,199.3,199.2,196.8,192.4,185.9,224.3
2020-05-04 02:36:45,6804,53.4,142.0,29.0,80.0,8.0,6758.0,10.1000003814697,7.9060001373291,22.0,33.0,58.5999984741211,66.0,8.0,0.0074903140775859,146.0,72.7738876342773,122.0,169.675750732422,636.0,12.0,1155660.0,,175.0,6805.0,,,,,524.4,454.3,313.3,261.4,206.8,202.7,199.3,199.2,196.8,192.4,185.9,224.3
2020-05-06 00:49:27,7073,53.38,140.0,28.0,80.0,8.0,6959.0,11.3000001907349,7.66200017929077,87.0,73.0,-8.60000038146973,8.0,3.59999990463257,0.0232275854796171,156.0,71.1411056518555,119.0,162.775970458984,514.0,17.0,1140991.0,,170.0,7074.0,,,,,524.4,454.3,313.3,261.4,206.8,202.7,199.3,199.2,196.8,192.4,185.9,224.4
2020-05-08 01:28:54,5724,43.08,139.0,24.0,80.0,8.0,5639.0,11.1000003814697,7.64400005340576,60.0,49.0,-31.3999996185303,-17.0,3.5,0.0269222110509872,112.0,69.6536560058594,121.0,155.820541381836,522.0,18.0,881515.0,,164.0,5725.0,,,,,524.4,454.3,313.3,261.4,206.8,202.7,199.3,199.2,196.8,192.4,185.9,224.4
2020-05-09 03:22:58,14059,100.19,138.0,51.0,80.0,8.0,13984.0,9.10000038146973,7.16099977493286,157.0,182.0,-23.0,9.80000019073486,8.39999961853027,-0.0291448291391134,144.0,67.6509475708008,119.0,160.423156738281,755.0,13.0,2242131.0,,166.0,14060.0,,,,,524.4,454.3,313.3,261.4,206.8,202.7,199.3,199.2,196.8,192.4,185.9,224.4
2020-05-11 04:45:50,7112,53.33,132.0,22.0,80.0,8.0,7005.0,9.30000019073486,7.60799980163574,2.0,1.0,13.8000001907349,17.7999992370605,5.5,0.001500000944361,135.0,70.370735168457,112.0,160.948013305664,259.0,12.0,1124524.0,,165.0,7113.0,,,,,524.4,454.3,313.3,261.4,206.8,202.7,199.3,199.2,196.8,192.4,185.9,224.4
2020-05-13 03:56:28,6905,53.4,141.0,30.0,80.0,8.0,6857.0,10.1000003814697,7.78599977493286,4.0,7.0,51.4000015258789,60.4000015258789,2.90000009536743,-0.0078649623319506,136.0,70.3648300170898,123.0,174.354095458984,688.0,12.0,1194148.0,,179.0,6906.0,,,,,524.4,454.3,313.3,261.4,206.8,202.7,199.3,199.2,196.8,192.4,185.9,224.4
2020-05-14 00:44:11,6393,53.34,154.0,69.0,80.0,8.0,6302.0,10.0,8.47299957275391,12.0,2.0,28.2000007629395,39.0,1.89999997615814,0.0157458465546369,137.0,70.6231307983398,135.0,200.889266967773,1241.0,11.0,1262616.0,,207.0,6394.0,,,,,524.4,454.3,313.3,261.5,235.6,231.9,229.5,226.3,217.8,210.2,185.9,224.5
2020-05-16 00:29:10,14347,105.02,136.0,46.0,80.0,8.0,14156.0,9.60000038146973,7.38600015640259,21.0,2.0,13.0,32.2000007629395,3.5,0.0142820281907916,149.0,68.4198760986328,113.0,155.026992797852,557.0,15.0,2191376.0,,161.0,14348.0,,,,,524.4,454.3,313.3,261.5,235.6,231.9,229.5,226.3,217.8,210.2,185.9,224.5
2020-05-18 04:35:36,6757,53.4,145.0,27.0,80.0,8.0,6581.0,10.3999996185303,8.11699962615967,12.0,9.0,13.3999996185303,21.3999996185303,4.09999990463257,0.0071158115752041,141.0,72.1751098632813,121.0,176.293121337891,537.0,15.0,1157404.0,,182.0,6758.0,,,,,524.4,454.3,313.3,261.5,235.6,231.9,229.5,226.3,217.8,210.2,185.9,224.5
2020-05-20 04:57:24,6888,53.27,136.0,24.0,80.0,8.0,6832.0,10.3999996185303,7.80000019073486,12.0,7.0,18.3999996185303,27.3999996185303,2.90000009536743,0.0075076767243444,150.0,72.6776885986328,118.0,167.564514160156,390.0,12.0,1139882.0,,172.0,6889.0,,,,,524.4,454.3,313.3,261.5,235.6,231.9,229.5,226.3,217.8,210.2,185.9,224.5
2020-05-22 01:08:38,5170,43.1,144.0,39.0,,8.0,5111.0,11.3000001907349,8.43379020690918,7.0,0.0,8.0,17.0,1.79999995231628,0.0143834492191672,101.0,71.1326751708984,130.468994140625,199.124435424805,939.0,11.0,1015739.0,,204.0,5171.0,,,,,524.4,454.3,313.3,261.5,235.6,231.9,229.5,226.3,217.8,210.2,185.9,224.6
2020-05-25 00:49:37,6661,53.43,146.0,43.0,,8.0,6508.0,11.3000001907349,8.21032619476318,12.0,1.0,6.0,20.0,5.40000009536743,0.0213352106511592,143.0,71.8099517822266,129.145629882813,183.344985961914,1115.0,11.0,1187619.0,,189.0,6662.0,,,,,512.2,373.8,284.2,261.5,235.6,231.9,229.5,226.3,217.8,210.2,185.9,224.6
2020-05-26 23:49:40,6340,50.3,143.0,30.0,,8.0,6173.0,10.6000003814697,8.14908504486084,15.0,5.0,10.8000001907349,21.6000003814697,4.0,0.016300793737173,130.0,72.1658401489258,124.942489624023,176.591934204102,792.0,12.0,1090499.0,,182.0,6341.0,,,,,512.2,373.8,284.2,261.5,235.6,231.9,229.5,226.3,217.8,210.2,185.9,224.6
2020-05-29 03:08:22,5962,48.24,149.0,38.0,,8.0,5765.0,11.6999998092651,8.368239402771,14.0,5.0,-3.40000009536743,8.60000038146973,8.0,0.0174118895083665,135.0,73.7995376586914,129.122787475586,179.618621826172,977.0,14.0,1029423.0,,185.0,5963.0,,,,,512.2,373.8,298.3,261.5,235.6,231.9,229.5,226.3,217.8,210.2,185.9,224.7
2020-05-30 02:39:18,14759,105.32,144.0,51.0,,8.0,14622.0,9.80000019073486,7.20313215255737,88.0,50.0,15.6000003814697,54.5999984741211,6.90000009536743,0.0343700684607028,146.0,72.5244216918945,114.533233642578,148.997863769531,708.0,14.0,2160955.0,,159.0,14760.0,,,,,512.2,373.8,298.3,261.5,235.6,231.9,229.5,226.3,217.8,210.2,185.9,224.7
2020-06-01 00:01:56,7020,53.4,142.0,27.0,,8.0,6918.0,10.5,7.71948528289795,5.0,7.0,-40.2000007629395,-31.7999992370605,5.30000019073486,-0.0108607318252325,137.0,73.3818435668945,119.700508117676,169.646118164063,486.0,8.0,1167864.0,,174.0,7021.0,,,,,512.2,373.8,298.3,261.5,235.6,231.9,229.5,226.3,217.8,210.2,185.9,224.7
2020-06-06 02:05:12,9013,74.06,155.0,75.0,,8.0,8694.0,10.6999998092651,8.51915073394775,35.0,0.0,23.6000003814697,62.7999992370606,5.40000009536743,0.0529261268675327,134.0,71.8552169799805,133.280120849609,195.67658996582,1682.0,10.0,1696780.0,,198.0,9014.0,,,,,512.2,373.8,298.3,261.5,235.6,231.9,229.5,226.3,217.8,210.2,202.4,224.8
2020-06-08 04:07:25,6367,53.37,155.0,78.0,,8.0,6345.0,10.8999996185303,8.41221427917481,2.0,4.0,34.4000015258789,40.5999984741211,2.5,-0.0044964449480175,125.0,71.3083190917969,137.909530639648,184.854873657227,1385.0,9.0,1163729.0,,190.0,6368.0,,,,,512.2,385.7,298.3,262.1,235.6,231.9,229.5,226.3,217.8,210.2,202.4,224.8
2020-06-13 00:45:01,13250,110.47,153.0,134.0,,8.0,13130.0,10.6999998092651,8.41392993927002,50.0,13.0,29.7999992370605,68.8000030517578,7.30000019073486,0.0318624414503574,128.0,73.4360275268555,135.390609741211,185.768325805664,2428.0,11.0,2427802.0,,191.0,13251.0,,,,,512.2,385.7,298.3,262.1,235.6,231.9,229.5,226.3,217.8,210.2,202.4,224.8
2020-06-15 04:03:40,6582,53.36,142.0,33.0,,8.0,6543.0,11.3999996185303,8.15581512451172,4.0,8.0,21.7999992370605,29.7999992370605,3.79999995231628,-0.0082453358918428,138.0,74.0432205200195,125.553375244141,169.736190795898,1103.0,15.0,1102693.0,,175.0,6583.0,,,,,512.2,385.7,298.3,262.1,235.6,231.9,229.5,226.3,217.8,210.2,202.4,224.9
2020-06-17 01:02:35,6554,53.39,147.0,36.0,,8.0,6433.0,12.5,8.30009365081787,8.0,0.0,44.4000015258789,53.2000007629395,2.0,0.0108625423163175,125.0,72.5106964111328,126.929405212402,173.806716918945,1115.0,11.0,1115000.0,,178.0,6555.0,,,,,512.2,385.7,298.3,262.1,235.6,231.9,229.5,226.3,217.8,210.2,202.4,224.9
2020-06-20 01:34:47,5461,42.39,141.0,23.0,,8.0,5423.0,9.80000019073486,7.81797885894775,13.0,3.0,14.1999998092651,27.3999996185303,11.1000003814697,0.0245300959795713,126.0,72.8049163818359,121.337226867676,155.820449829102,942.190979003906,14.0,840852.0,,161.0,5462.0,,,,,512.2,385.7,298.3,262.1,235.6,231.9,229.5,226.3,217.8,210.2,202.4,224.9
2020-06-27 00:57:16,6137,53.21,149.0,58.0,,8.0,6081.0,10.5,8.75145530700684,10.0,1.0,-3.59999990463257,6.40000009536743,2.09999990463257,0.0154084367677569,127.0,73.2201766967773,133.15592956543,192.07096862793,1166.0,9.0,1165728.0,,196.0,6138.0,,,,,512.2,385.7,298.3,262.1,235.6,231.9,229.5,226.3,217.8,210.2,202.4,225.0
2020-07-07 04:12:00,6312,53.34,146.0,57.0,,8.0,6166.0,10.1000003814697,8.65157318115234,2.0,0.0,12.1999998092651,16.7999992370605,2.0,-0.0007498275372199,141.0,80.4201583862305,133.978271484375,177.343978881836,1093.0,8.0,1092649.0,,181.0,6313.0,,,,,483.8,385.7,298.3,262.1,235.6,231.9,229.5,226.3,217.8,210.2,202.4,225.2
2020-07-09 02:38:02,6179,53.41,142.0,33.0,,8.0,6071.0,13.1999998092651,8.7974796295166,13.0,5.0,5.0,13.6000003814697,3.09999990463257,0.0082382345572113,147.0,77.1066589355469,126.56143951416,174.697509765625,1059.0,14.0,1058547.0,,178.0,6180.0,,,,,483.8,385.7,298.3,262.1,235.6,231.9,229.5,226.3,217.8,210.2,202.4,225.2
2020-07-11 02:55:55,7541,63.74,146.0,53.0,,8.0,7364.0,10.6000003814697,8.65574455261231,9.0,1.0,11.8000001907349,21.0,2.29999995231628,0.0081580271944403,129.0,72.5653610229492,129.82048034668,182.178573608398,1339.0,7.0,1338996.0,,186.0,7542.0,,,,,592.8,508.9,322.8,262.1,235.6,231.9,229.5,226.3,217.8,210.2,202.4,225.2
2020-07-13 23:26:10,6470,53.38,144.0,37.0,,8.0,6320.0,11.0,8.44612312316895,5.0,0.0,46.0,55.5999984741211,6.30000019073486,0.0134883243590593,140.0,75.1844940185547,127.224411010742,171.104095458984,1076.0,10.0,1075130.0,,176.0,6471.0,,,,,592.8,508.9,322.8,262.1,227.1,214.8,213.3,211.4,209.5,204.6,202.4,225.2
2020-07-16 00:54:58,6170,53.34,152.0,46.0,,8.0,6125.0,10.8000001907349,8.70875072479248,14.0,3.0,58.4000015258789,69.4000015258789,6.30000019073486,0.0138729801401495,136.0,76.6520690917969,131.012603759766,186.229782104492,1135.0,6.0,1135135.0,,190.0,6171.0,,,,,592.8,508.9,322.8,275.9,227.1,214.8,213.3,211.4,209.5,204.6,202.4,225.3
2020-10-17 00:37:05,6967,62.35,145.0,40.0,,8.0,6967.0,11.3000001907349,8.94996452331543,5.0,2.0,19.3999996185303,26.3999996185303,3.09999990463257,0.0051319552585482,138.0,78.3873138427734,129.024688720703,199.006896972656,1383.0,16.0,1383102.0,,202.0,6968.0,,,,,406.8,356.1,293.1,275.9,220.4,209.2,205.4,204.8,203.1,201.6,0.0,227.5
2022-05-09 23:11:34,7238,60.1,154.0,54.0,,8.0,6889.0,10.6359376907349,8.7249059677124,9.0,13.0,-35.7999992370606,-28.2000007629395,3.90241670608521,-0.0036602090112864,127.0,74.2621002197266,124.801277160645,200.493011474609,1387.0,10.0,1387215.0,,203.0,7239.0,,,,8.3042106628418,437.2,380.6,278.6,251.0,227.2,221.5,219.4,216.6,214.7,212.1,0.0,245.2
2022-05-12 00:29:08,7406,60.97,158.0,58.0,,8.0,7374.0,15.9760007858276,8.26884460449219,9.0,5.0,19.7999992370605,43.2000007629395,7.16082096099854,0.0285365376621484,141.0,70.7480621337891,128.594436645508,175.148986816406,1284.0,14.0,1283860.0,,180.0,7392.0,,,,8.23311614990234,437.2,380.6,278.6,251.0,227.2,221.5,219.4,216.6,214.7,212.1,177.0,245.3
2022-05-21 00:53:33,13632,100.03,150.0,38.0,,8.0,12981.0,12.2242183685303,7.70591878890991,175.0,188.0,3.0,41.5999984741211,9.68962860107422,0.0167948715388774,157.0,70.4540405273438,104.565055847168,169.604354858398,2178.0,11.0,2171994.0,,173.0,13633.0,,,,7.33792018890381,437.2,380.6,293.7,269.2,227.2,221.5,219.4,216.6,214.7,212.1,177.0,245.5
2022-05-28 01:30:04,13432,101.45,142.0,26.0,,8.0,12873.0,12.587890625,7.88130569458008,159.0,184.0,33.0,68.1999969482422,7.99999237060547,0.000197130444576,165.0,71.3443908691406,88.5555725097656,164.332504272461,2111.0,11.0,2110519.0,,168.0,13380.0,,,,7.55330896377564,437.2,380.6,293.7,269.2,227.2,221.5,219.4,216.6,214.7,212.1,177.0,245.7
2022-05-30 23:26:07,7847,60.96,166.0,96.0,,8.0,7710.0,12.7820310592651,7.90718269348145,10.0,5.0,485.799987792969,504.0,7.06082010269165,-0.0164030212908983,174.0,69.9339752197266,136.294235229492,176.451873779297,1358.0,7.0,1358492.0,,181.0,7848.0,,,,7.76913213729858,437.2,380.6,293.7,269.2,227.2,221.5,219.4,216.6,214.7,212.1,182.0,245.8
2022-06-09 02:45:01,8687,62.7,153.0,30.0,,8.0,8058.0,14.2281246185303,7.78157234191895,117.0,125.0,-292.399993896484,-261.399993896484,9.12652015686035,-0.0028706148732453,102.0,73.0747833251953,116.426414489746,138.241455078125,913.0,25.0,913483.0,,145.0,8648.0,,,,7.21813154220581,437.2,380.6,297.9,290.3,227.2,221.5,219.4,216.6,214.7,212.1,182.0,246.0
2022-06-11 21:30:22,9729,91.16,190.0,190.0,,8.0,9729.0,17.7359371185303,9.37015056610107,467.399993896484,422.0,10.1999998092651,64.5999984741211,9.33171939849854,0.0030714489985257,113.0,83.0146026611328,145.220489501953,187.721069335938,2390.0,,1824673.0,,195.0,9730.0,0.0,,,9.37015056610107,437.2,380.6,298.2,290.3,227.2,221.5,219.4,216.6,214.7,212.1,191.7,246.1
2022-06-18 03:40:42,8877,60.7,165.0,66.0,,8.0,8384.0,12.3679685592651,7.24022340774536,168.0,193.0,18.7999992370605,51.4000015258789,6.13909244537354,-0.0023063472472131,231.0,67.0596389770508,125.554077148438,143.404632568359,1190.0,12.0,1190271.0,,149.0,8878.0,,,,6.83812427520752,441.6,380.6,298.2,290.3,227.2,221.5,219.4,216.6,214.7,212.1,191.7,246.3
2022-06-21 03:47:30,7960,61.09,144.0,26.0,,8.0,7707.0,18.3859977722168,7.92690563201904,12.0,12.0,63.7999992370606,77.5999984741211,5.83585119247437,-0.007856922224164,148.0,70.4487838745117,115.471046447754,168.581649780273,1291.0,10.0,1291486.0,,172.0,7961.0,,,,7.67495727539063,441.6,380.6,298.2,290.3,227.2,221.5,219.4,216.6,214.7,212.1,191.7,246.4
2022-06-23 00:21:46,8368,61.09,183.0,47.0,,8.0,8169.0,12.5179691314697,7.4786057472229,175.0,187.0,-82.4000015258789,-49.0,6.44162654876709,0.0108032468706369,141.0,70.9417877197266,116.288192749023,163.273452758789,1320.0,13.0,1319685.0,,169.0,8369.0,,,,7.30075645446777,479.2,380.6,298.2,290.3,227.2,221.5,219.4,216.6,214.7,212.1,191.7,246.4
2022-07-12 07:06:23,5748,25.84,145.0,41.0,,8.0,5748.0,6.27617168426514,4.49552202224731,0.0,,,,0.0,0.0,95.0,73.0300750732422,129.371780395508,146.947631835938,876.0,13.0,845041.0,,153.0,5749.0,,,,4.49552202224731,479.2,352.9,298.2,290.3,214.5,207.5,203.9,201.3,195.8,193.6,191.7,246.9
2022-08-20 01:04:24,11632,80.49,136.0,34.0,,8.0,11078.0,13.2259979248047,7.26569747924805,175.0,200.0,35.2000007629395,67.8000030517578,6.46463012695313,-0.0178905520588159,151.0,69.0463485717773,110.709129333496,155.132308959961,1706.0,11.0,1705686.0,,159.0,11633.0,,,,6.91965246200562,479.2,317.7,280.0,236.6,201.3,191.6,186.1,183.8,179.7,177.0,173.3,248.0
2022-08-23 00:36:56,5013,34.93,159.0,25.0,,8.0,4770.0,11.6277341842651,7.32318449020386,12.0,13.0,31.0,41.4000015258789,7.35899305343628,-0.0022901885677129,157.0,67.0666122436523,119.745269775391,171.283554077148,813.0,9.0,813144.0,,193.0,5014.0,,,,6.96820068359375,357.4,339.5,295.3,277.0,239.3,226.1,212.0,209.1,189.1,164.3,163.9,248.1
2022-08-25 01:06:24,6611,47.68,139.0,20.0,,8.0,6473.0,12.5380001068115,7.36715269088745,13.0,5.0,59.2000007629395,69.4000015258789,6.09771966934204,0.0100655043497681,134.0,61.7515411376953,112.362380981445,158.541793823242,1025.0,9.0,1025387.0,,165.0,6612.0,,,,7.21336841583252,357.4,339.5,295.3,277.0,239.3,226.1,212.0,209.1,189.1,169.3,163.9,248.1
2022-08-26 02:40:08,3886,26.14,132.0,11.0,,8.0,3746.0,9.56406211853027,6.97972202301025,4.0,6.0,32.7999992370606,43.0,4.75063323974609,0.0022947967518121,157.0,62.9008522033691,108.101020812988,141.327438354492,536.0,9.0,535981.0,,144.0,3887.0,,,,6.72826528549194,357.4,339.5,295.3,277.0,239.3,226.1,212.0,209.1,189.1,169.3,163.9,248.1
2022-08-27 00:25:00,13927,98.39,158.0,56.0,,8.0,13215.0,13.0328121185303,7.4454288482666,160.0,182.0,40.4000015258789,82.1999969482422,6.18058919906616,0.0227662324905395,139.0,63.6166725158691,117.895050048828,154.33430480957,2023.0,12.0,2023292.0,,160.0,13928.0,,,,7.06479072570801,414.2,352.5,295.3,277.0,239.3,226.1,212.0,209.1,189.1,169.3,163.9,248.2
2022-08-30 09:59:14,7434,63.39,188.0,93.0,,8.0,7434.0,17.2781257629395,8.52699756622315,0.0,,,,0.0,0.0,106.0,76.467155456543,136.240783691406,161.487899780273,1207.0,14.0,1201228.0,,175.0,7433.0,,,,8.52699756622315,414.2,352.5,295.3,277.0,239.3,226.1,212.0,209.1,191.0,174.8,166.3,248.3
2022-09-01 07:07:31,7298,50.0,168.0,42.0,,8.0,7298.0,9.10400390625,6.85225248336792,0.0,,,,0.0,0.0,96.0,76.5868301391602,127.078651428223,153.82063293457,1123.0,15.0,1122869.0,,155.0,7299.0,,,,6.85225248336792,414.2,352.5,295.3,277.0,239.3,226.1,212.0,209.1,191.0,174.8,166.3,248.3
2022-09-03 01:49:50,13548,107.44,151.0,71.0,,8.0,13360.0,11.9078121185303,8.04181480407715,14.0,10.0,16.6000003814697,31.3999996185303,16.3952388763428,0.0072599570266902,146.0,64.8571853637695,123.815269470215,170.136703491211,2264.0,11.0,2263782.0,,179.0,13549.0,,,,7.93022155761719,414.2,352.5,296.5,277.0,239.5,235.1,229.2,213.4,198.1,189.4,180.7,248.4
2022-09-05 23:46:15,7660,60.77,156.0,39.0,,8.0,7470.0,11.1398439407349,8.13508319854736,9.0,5.0,76.1999969482422,93.8000030517578,9.04913425445557,0.021392460912466,144.0,63.7344779968262,120.644371032715,177.368255615234,1320.0,9.0,1320070.0,,191.0,7661.0,,,,7.9332990646362305,414.2,352.5,308.6,286.6,242.0,235.1,229.2,213.4,207.9,193.0,180.7,248.4
2022-09-08 23:39:57,3613,31.69,174.0,29.0,,8.0,3613.0,14.6539058685303,8.77157497406006,0.0,,,,0.0,0.0,97.0,76.3271484375,126.444229125977,142.891510009766,516.0,17.0,516312.0,,143.0,3614.0,,,,8.77157497406006,414.2,352.5,308.6,286.6,242.0,235.1,229.2,213.4,207.9,193.0,180.7,248.5
2022-09-10 02:55:40,14090,99.99,142.0,42.0,,8.0,13370.0,12.3054685592651,7.47897815704346,219.0,228.0,21.7999992370605,61.5999984741211,12.8481683731079,-0.0080004828050732,154.0,63.1671905517578,107.01880645752,160.677032470703,2119.0,11.0,2119288.0,,168.0,13961.0,,,,7.0968017578125,414.2,352.5,308.6,286.6,242.0,235.1,229.2,213.4,207.9,193.0,180.7,248.6
2022-09-13 03:45:22,7167,48.81,181.0,64.0,,8.0,7167.0,15.4699220657349,6.81155157089233,0.0,,,,0.0,0.0,100.0,77.0180969238281,125.89395904541,128.426681518555,921.0,18.0,921016.0,,174.0,5715.0,,,,6.81155157089233,414.2,352.5,308.6,286.6,242.0,235.1,229.2,213.4,207.9,193.0,180.7,248.6
2022-09-17 00:42:39,13222,95.46,144.0,37.0,,8.0,12683.0,13.1898441314697,7.52709197998047,190.0,214.0,16.6000003814697,56.4000015258789,21.3284091949463,-0.0102654220536351,142.0,61.9859161376953,99.4201278686523,162.66748046875,2057.0,8.0,2057348.0,,172.0,13213.0,,,,7.22024726867676,414.2,352.5,308.6,286.6,242.0,235.1,229.2,213.4,207.9,193.0,180.7,248.7
2022-09-20 21:21:12,3700,31.8,127.0,10.0,,8.0,3700.0,15.8800783157349,8.59552192687988,0.0,,,,0.0,0.0,94.0,72.9143905639648,106.761077880859,137.768112182617,511.0,17.0,510520.0,,141.0,3701.0,,,,8.59552192687988,414.2,352.5,308.6,286.6,242.0,235.1,229.2,213.4,207.9,193.0,180.7,248.8
2022-09-22 04:04:50,4003,29.43,152.0,19.0,,8.0,3913.0,11.8441410064697,7.52279567718506,11.0,6.0,9.80000019073486,19.7999992370605,6.52229690551758,0.0156267527490854,127.0,63.2630882263184,122.771484375,155.18424987793,603.0,14.0,603085.0,,169.0,4004.0,,,,7.35365962982178,414.2,374.7,317.7,286.6,242.0,235.1,229.2,213.4,207.9,193.0,180.7,248.9
2022-09-23 00:35:50,7048,46.35,148.0,58.0,,8.0,6340.0,12.5320310592651,7.31204414367676,83.0,83.0,44.4000015258789,64.4000015258789,16.0000228881836,0.0228653438389301,89.0,63.7702598571777,127.266181945801,132.602951049805,702.0,15.0,701537.0,,179.0,6841.0,,,,6.57751989364624,580.6,566.7,346.8,295.2,268.7,265.2,262.3,221.9,207.9,193.0,180.7,248.9
2022-09-23 23:16:35,7874,51.2,146.0,28.0,,8.0,7447.0,12.3023433685303,6.87554359436035,166.0,179.0,55.0,84.5999984741211,6.82210111618042,0.0050779064185917,128.0,60.3130226135254,114.714538574219,148.473220825195,1090.0,11.0,1089790.0,,150.0,7875.0,,,,6.50268888473511,580.6,566.7,346.8,295.2,268.7,265.2,262.3,221.9,207.9,193.0,180.7,248.9
2022-09-27 00:15:42,14237,112.54,151.0,60.0,,8.0,14212.0,11.4953126907349,7.91869592666626,10.0,11.0,3.40000009536743,20.7999992370605,5.95348978042603,0.0104851135984063,150.0,63.6842498779297,118.407768249512,166.276550292969,2368.0,11.0,2368430.0,,176.0,14238.0,,,,7.9047908782959,580.6,566.7,346.8,295.2,268.7,265.2,262.3,221.9,207.9,193.0,180.7,249.0
2022-09-30 23:50:43,5350,38.95,129.0,14.0,,8.0,5239.0,9.52578163146973,7.43457126617432,6.0,4.0,12.8000001907349,25.3999996185303,7.15084266662598,0.0107831303030252,143.0,58.1456489562988,104.168479919434,143.319198608398,770.0,12.0,769505.0,,146.0,5351.0,,,,7.28032112121582,580.6,566.7,346.8,295.2,268.7,265.2,262.3,221.9,207.9,193.0,180.7,249.2
2022-10-02 01:47:25,7078,54.77,145.0,24.0,,8.0,6967.0,11.9441404342651,7.8617844581604,8.0,10.0,6.0,15.3999996185303,9.96884727478027,0.0047468608245253,127.0,62.0384902954102,111.965484619141,170.715515136719,1216.0,13.0,1216176.0,,180.0,7079.0,,,,7.73849248886108,580.6,566.7,346.8,295.2,268.7,265.2,262.3,221.9,207.9,193.0,180.7,249.2
2022-10-03 23:09:13,6957,52.3,147.0,24.0,,8.0,6818.0,13.0799999237061,7.67214155197144,10.0,7.0,31.0,39.5999984741211,15.8350620269775,0.000382347323466,159.0,59.5241889953613,113.654609680176,163.224380493164,1116.0,12.0,1116330.0,,181.0,6958.0,,,,7.51885318756104,580.6,566.7,346.8,295.2,268.7,265.2,262.3,221.9,207.9,193.0,180.7,249.3
2022-10-07 23:57:15,17293,125.96,153.0,74.0,,8.0,16709.0,13.3296871185303,7.53867864608765,185.0,200.0,5.59999990463257,37.7999992370606,7.72247552871704,-0.0036518436390906,157.0,62.1676712036133,115.881965637207,155.131469726563,2565.0,12.0,2565045.0,,168.0,17294.0,,,,7.28409051895142,580.6,566.7,346.8,295.2,268.7,265.2,262.3,221.9,207.9,193.0,180.7,249.4
2022-10-09 01:25:48,4938,30.14,132.0,13.0,,8.0,4685.0,13.9660158157349,6.43453598022461,15.0,11.0,44.7999992370606,52.4000015258789,4.68009090423584,0.0092881899327039,144.0,58.3952903747559,105.143684387207,113.038970947266,531.0,12.0,531207.0,,116.0,4939.0,,,,6.10486030578613,580.6,566.7,346.8,295.2,268.7,265.2,262.3,221.9,207.9,193.0,180.7,249.5
2022-10-10 23:37:29,5863,45.39,152.0,39.0,,8.0,5772.0,11.2640628814697,7.8636589050293,12.0,11.0,7.19999980926514,21.2000007629395,6.43755626678467,0.0202692095190286,158.0,63.2450180053711,126.489395141602,175.645111083984,1009.0,14.0,1008850.0,,195.0,5864.0,,,,7.74160671234131,580.6,566.7,346.8,295.2,268.7,265.2,262.3,221.9,207.9,193.0,180.7,249.5
2022-10-13 23:26:46,6532,40.56,149.0,15.0,,8.0,6085.0,12.0437498092651,6.66592073440552,68.0,93.0,7.19999980926514,40.4000015258789,27.8260612487793,-0.0256396811455488,102.0,62.6982574462891,94.6484298706055,135.417785644531,847.0,13.0,846593.0,,138.0,6408.0,,,,6.20975637435913,580.6,566.7,346.8,295.2,268.7,265.2,262.3,221.9,207.9,193.0,180.7,249.6
2022-10-14 23:29:06,19316,136.25,178.0,108.0,,8.0,18357.0,16.1921882629395,7.42266893386841,388.0,406.0,87.0,186.199996948242,13.9605169296265,0.0054308772087097,128.0,66.5536346435547,121.55460357666,151.56103515625,2754.0,14.0,2754147.0,,165.0,19317.0,,,,7.05414867401123,580.6,566.7,346.8,295.2,268.7,265.2,262.3,221.9,207.9,193.0,180.7,249.7
2022-10-18 04:34:52,5265,40.97,165.0,27.0,,8.0,5139.0,12.7160158157349,7.97264623641968,6.0,4.0,-18.7999992370605,-11.1999998092651,5.93508863449097,-0.0004881469067186,107.0,66.6675262451172,122.991394042969,168.037750244141,883.0,16.0,883137.0,,194.0,5244.0,,,,7.78184795379639,580.6,566.7,348.9,295.4,268.7,265.2,262.3,221.9,207.9,193.0,180.7,249.8
2022-10-19 22:44:21,7966,55.42,152.0,29.0,,8.0,7212.0,12.6859378814697,7.68533563613892,9.0,11.0,42.7999992370606,52.4000015258789,7.69287824630737,0.0086600938811898,124.0,64.9505310058594,115.224136352539,143.143417358398,1037.0,14.0,1037070.0,,144.0,7656.0,,,,6.95790100097656,580.6,566.7,348.9,295.4,268.7,265.2,262.3,221.9,207.9,193.0,180.7,249.8
2022-10-22 02:33:18,7024,52.29,140.0,22.0,,8.0,6950.0,10.73828125,7.52378988265991,3.0,6.0,-38.0,-28.7999992370605,10.2451124191284,-0.0133867934346199,128.0,63.8049545288086,112.191680908203,129.270248413086,923.0,15.0,922645.0,,131.0,7025.0,,,,7.44452428817749,580.6,566.7,348.9,295.4,268.7,265.2,262.3,221.9,207.9,193.0,180.7,250.0
2022-10-23 00:22:25,5674,45.01,154.0,29.0,,8.0,5570.0,12.9441404342651,8.08080387115479,11.0,9.0,10.6000003814697,25.0,5.97663831710815,0.0177737977355718,154.0,66.3077774047852,117.25414276123,171.252517700195,958.0,13.0,958275.0,,197.0,5675.0,,,,7.93268918991089,580.6,566.7,358.7,298.5,268.7,265.2,262.3,221.9,207.9,193.0,180.7,250.0
2022-10-26 23:19:06,5906,42.12,179.0,57.0,,8.0,5621.0,15.4859981536865,7.49343347549439,11.0,7.0,12.8000001907349,23.2000007629395,7.7615008354187,-0.0047482717782258,140.0,69.1216583251953,123.329162597656,142.139541625977,796.0,12.0,795751.0,,145.0,5907.0,,,,7.1318302154541,580.6,566.7,358.7,298.5,268.7,265.2,262.3,221.9,207.9,193.0,180.7,250.1
2022-10-28 23:01:54,19413,139.09,148.0,60.0,,8.0,18516.0,13.8359375,7.51187753677368,202.0,217.0,-32.5999984741211,-0.400000005960465,23.1674213409424,-0.0012941262684762,151.0,67.4688186645508,109.848152160645,147.791595458984,2716.0,13.0,2715834.0,,152.0,19414.0,,,,7.16478252410889,580.6,566.7,358.7,298.5,268.7,265.2,262.3,221.9,207.9,193.0,180.7,250.2
2022-10-31 23:14:46,7947,59.21,138.0,18.0,,8.0,7541.0,14.0777339935303,7.85290145874023,196.0,209.0,-1.79999995231628,32.0,12.962028503418,0.0124960467219352,163.0,61.5537986755371,95.1717910766602,170.155685424805,1269.0,10.0,1268625.0,,179.0,7948.0,,,,7.45170879364014,580.6,566.7,358.7,298.5,268.7,265.2,262.3,221.9,207.9,193.0,180.7,250.3
2022-11-02 22:51:05,4415,31.73,144.0,14.0,,8.0,4225.0,11.2179689407349,7.51212787628174,7.0,6.0,4.40000009536743,15.6000003814697,9.97856140136719,-0.0214249212294816,106.0,62.1707496643066,114.06127166748,151.021133422852,649.0,11.0,648688.0,,160.0,4416.0,,,,7.1888427734375,580.6,566.7,358.7,298.5,268.7,265.2,262.3,221.9,207.9,193.0,180.7,250.4
2022-11-04 22:41:14,20837,156.53,168.0,114.0,,8.0,20056.0,16.640625,7.80459642410278,478.0,493.0,34.7999992370606,138.800003051758,12.0000076293945,0.0066441353410482,132.0,66.5699691772461,121.766212463379,159.243408203125,3151.0,15.0,3151191.0,,168.0,20838.0,,,,7.51206922531128,580.6,566.7,358.7,298.5,268.7,265.2,262.3,221.9,207.9,193.0,180.7,250.4
2022-11-07 22:33:13,7186,59.43,143.0,39.0,,8.0,7073.0,11.2281246185303,8.40334033966065,3.0,6.0,3.79999995231628,12.6000003814697,11.7296657562256,0.001345967175439,109.0,70.1431198120117,124.123657226563,170.771667480469,1232.0,20.0,1232170.0,,178.0,7187.0,,,,8.27119827270508,580.6,566.7,358.7,298.5,268.7,265.2,262.3,221.9,202.5,185.7,179.0,250.5
2022-11-14 22:22:19,7528,52.23,145.0,28.0,,8.0,7207.0,11.9921875,7.2471137046814,162.0,187.0,-25.2000007629395,15.6000003814697,18.3147392272949,-0.0199119467288255,119.0,61.7790756225586,118.289627075195,158.505310058594,1162.0,8.0,1162415.0,,167.0,7511.0,,,,6.93809080123901,580.6,566.7,358.7,298.5,268.7,265.2,262.3,221.9,202.5,185.7,179.0,250.8
2022-11-16 22:23:27,5754,40.09,129.0,15.0,,8.0,5606.0,11.8579998016357,7.15166997909546,11.0,7.0,-15.1999998092651,-6.0,7.3405122756958,-0.004489644896239,120.0,62.9896392822266,105.362152099609,140.357315063477,787.0,11.0,787140.0,,143.0,5755.0,,,,6.96772003173828,580.6,566.7,358.7,298.5,268.7,265.2,262.3,221.9,202.5,185.7,179.0,250.9
2022-11-18 23:14:29,15514,107.44,141.0,55.0,,8.0,14584.0,14.979998588562,7.36744737625122,208.0,226.0,29.0,61.2000007629395,19.4381160736084,0.0206613764166831,150.0,68.7796020507813,121.098114013672,162.058441162109,2340.0,15.0,2340087.0,,165.0,15515.0,,,,6.92579936981201,580.6,566.7,358.7,298.5,268.7,265.2,262.3,221.9,202.5,185.7,179.0,250.9
2022-11-22 00:15:12,7362,54.47,141.0,25.0,,8.0,7153.0,11.6800785064697,7.61511850357056,4.0,5.0,-26.6000003814697,-18.3999996185303,11.7187690734863,-0.0029373466968536,140.0,59.5085525512695,114.111640930176,156.73503112793,1146.0,12.0,1146446.0,,164.0,7363.0,,,,7.39893245697022,580.6,566.7,358.7,298.5,268.7,265.2,262.3,221.9,202.5,185.7,179.0,251.1
2022-11-23 23:26:28,5784,45.43,150.0,27.0,,8.0,5569.0,10.75390625,8.15809154510498,14.0,12.0,-1.60000002384186,7.19999980926514,18.0281677246094,0.0017608574125915,81.0,64.5836715698242,120.960243225098,130.774780273438,615.0,13.0,615458.0,,134.0,5785.0,,,,7.85484266281128,452.4,399.9,358.7,298.5,263.5,247.0,226.9,214.4,202.5,185.7,179.0,251.1
2022-11-26 20:07:48,1626,10.96,121.0,5.0,,8.0,1571.0,24.7640018463135,6.9773964881897,21.0,23.0,-55.7999992370606,-41.0,7.72218227386475,-0.0018245764076709,83.0,63.4659996032715,115.114707946777,116.883995056152,150.0,14.0,149825.0,,125.0,1627.0,,,,6.74138402938843,452.4,399.9,358.7,298.5,263.5,247.0,226.9,214.4,202.5,185.7,179.0,251.2
2022-11-26 22:22:21,1925,20.5,189.0,27.0,,8.0,1925.0,13.10595703125,10.6523895263672,34.7999877929688,8.0,146.0,163.199996948242,6.8728289604187,0.0614458359777927,90.0,78.7255249023438,127.397087097168,229.807693481445,394.0,,443475.0,,240.0,1926.0,,,,10.6523895263672,452.4,399.9,358.7,298.5,263.5,249.2,246.1,243.7,202.5,185.7,179.0,251.2
2022-11-29 03:53:22,6920,45.13,133.0,19.0,,8.0,6507.0,9.52773475646973,6.93561983108521,3.0,3.0,39.0,51.4000015258789,9.24812889099121,0.0243739876896142,78.0,58.5680885314941,109.541084289551,106.360206604004,582.0,33.0,582165.0,,110.0,6917.0,,,,6.52168750762939,452.4,399.9,358.7,298.5,263.5,249.2,246.1,243.7,202.5,185.7,179.0,251.3
2022-11-30 23:25:28,4353,36.91,158.0,27.0,,8.0,4353.0,11.6160154342651,8.48020458221436,11.0,18.0,-9.80000019073486,-2.0,9.90799427032471,-0.0048761554062366,85.0,69.9959945678711,123.39981842041,154.298141479492,555.0,16.0,555175.0,,166.0,4354.0,,,,8.48020458221436,452.4,399.9,358.7,298.5,263.5,249.2,246.1,243.7,202.5,185.7,179.0,251.4
2022-12-02 06:36:02,2824,21.69,138.0,10.0,,8.0,2800.0,10.8880863189697,7.74896812438965,3.0,2.0,-6.59999990463257,-2.20000004768372,4.94436073303223,-0.0036871277261525,80.0,65.2394485473633,111.880271911621,122.020729064941,289.0,23.0,288454.0,,132.0,2825.0,,,,7.68311309814453,452.4,399.9,358.7,298.5,263.5,249.2,246.1,243.7,202.5,185.7,179.0,251.5
2022-12-04 00:16:35,19142,180.08,209.0,232.0,,8.0,19050.0,13.8453121185303,9.45310211181641,0.0,52.0,-9.39999961853027,16.3999996185303,0.0,0.0097733475267887,93.0,74.1845092773438,135.504241943359,182.969772338867,4325.0,,3362215.0,,179.0,19143.0,,,,9.40766906738281,452.4,399.9,358.7,298.5,263.5,249.2,246.1,243.7,202.5,186.0,185.1,251.5
2022-12-09 00:27:02,3812,29.33,145.0,15.0,,8.0,3652.0,12.5558595657349,8.0315523147583,24.0,24.0,-11.6000003814697,0.200000002980232,12.8676376342773,0.0170466769486665,85.0,66.6304473876953,115.654159545898,147.654434204102,463.0,19.0,463164.0,,153.0,3813.0,,,,7.6944465637207,452.4,399.9,358.7,298.5,263.5,249.2,246.1,243.7,202.5,186.0,185.1,251.7
2022-12-10 20:23:43,1913,13.24,125.0,5.0,,8.0,1898.0,9.95599937438965,6.97630119323731,15.0,17.0,83.4000015258789,97.5999984741211,8.13016414642334,0.0513555854558944,83.0,66.4109802246094,105.311531066895,103.44718170166,169.0,17.0,168560.0,,109.0,1914.0,,,,6.92159938812256,452.4,399.9,358.7,298.5,263.5,249.2,246.1,243.7,198.2,186.0,185.1,251.7
2022-12-10 22:23:33,1845,19.65,168.0,60.0,,8.0,1845.0,14.3879880905151,10.6528997421265,79.4000015258789,72.0,13.8000001907349,49.4000015258789,6.50419330596924,0.0569841228425502,99.0,83.8181304931641,160.176147460938,225.368560791016,533.0,,416156.0,,231.0,1846.0,,,,10.6528997421265,452.4,399.9,358.7,298.5,263.5,249.2,246.1,243.7,198.2,186.0,185.1,251.7
2022-12-15 01:42:25,3525,25.0,134.0,9.0,,8.0,3333.0,12.7840824127197,7.50302410125732,5.0,5.0,-9.39999961853027,-1.39999997615814,7.56389427185059,0.0,155.0,63.7244148254395,104.88899230957,159.845672607422,566.0,11.0,565856.0,,173.0,3526.0,,,,7.0943489074707,655.4,637.4,407.5,298.5,263.5,249.2,246.1,243.7,198.2,186.0,185.1,251.9
2022-12-17 01:18:03,9758,69.46,137.0,30.0,,8.0,9396.0,14.8320007324219,7.39295244216919,197.0,203.0,-9.19999980926514,19.0,9.8841724395752,0.0086375446990132,141.0,65.7118530273438,112.085350036621,157.050338745117,1467.0,18.0,1466784.0,,164.0,9759.0,,,,7.11869049072266,655.4,637.4,407.5,298.5,263.5,249.2,246.1,243.7,198.2,186.0,185.1,252.0
2022-12-20 01:13:04,6165,42.24,133.0,16.0,,8.0,5582.0,13.2242183685303,7.56708145141602,84.0,92.0,-40.0,-10.8000001907349,32.5202713012695,-0.0023674550466239,121.0,66.3827590942383,107.284805297852,147.369827270508,813.0,21.0,812822.0,,150.0,6166.0,,,,6.85149240493774,655.4,637.4,407.5,298.5,261.9,249.2,246.1,243.7,198.2,186.0,185.1,252.1
2022-12-22 01:47:52,4499,34.82,140.0,16.0,,8.0,4418.0,12.8519535064697,7.88339805603027,14.0,7.0,6.40000009536743,22.7999992370605,5.44488096237183,0.0356026627123355,122.0,64.5891571044922,115.46085357666,159.322479248047,704.0,19.0,703759.0,,171.0,4500.0,,,,7.74146509170532,655.4,637.4,407.5,288.7,253.9,249.2,246.1,243.7,198.2,186.0,185.1,252.2
2022-12-23 22:59:16,8278,59.56,139.0,21.0,,8.0,7822.0,12.3960933685303,7.61445045471191,167.0,186.0,13.8000001907349,41.2000007629395,8.11410617828369,-0.0090664522722363,141.0,71.399787902832,104.121253967285,154.714492797852,1197.0,18.0,1197393.0,,161.0,8279.0,,,,7.19500255584717,655.4,637.4,407.5,288.7,253.9,249.2,246.1,243.7,198.2,186.0,185.1,252.2
2022-12-28 22:38:14,5803,41.64,132.0,8.0,,8.0,5562.0,12.6260013580322,7.48709630966187,79.0,96.0,8.80000019073486,35.7999992370606,7.42567539215088,0.0081645939499139,99.0,64.6693572998047,78.1101608276367,160.284317016602,882.0,14.0,882184.0,,165.0,5804.0,,,,7.17615556716919,655.4,637.4,407.5,288.7,253.9,249.2,246.1,243.7,198.2,186.0,185.1,252.4
2022-12-29 21:46:47,3919,29.02,118.0,9.0,,8.0,3812.0,9.64804649353027,7.61343145370483,7.0,5.0,27.6000003814697,35.2000007629395,5.71960878372192,0.0034456143621355,141.0,67.4939346313477,99.3052291870117,140.157501220703,536.0,16.0,536113.0,,143.0,3920.0,,,,7.40556287765503,655.4,637.4,407.5,288.7,253.9,249.2,246.1,243.7,198.2,186.0,185.1,252.4
2022-12-31 02:28:14,12057,84.74,145.0,40.0,,8.0,11453.0,13.2250003814697,7.39902019500732,180.0,191.0,1.60000002384186,29.7999992370605,9.69697189331055,0.0066083734855055,146.0,67.8001098632813,111.018226623535,153.031311035156,1732.0,22.0,1731832.0,,158.0,12058.0,,,,7.02836322784424,655.4,637.4,407.5,288.7,253.9,249.2,246.1,243.7,189.7,186.0,185.1,252.5
2023-01-03 03:23:59,4007,28.34,132.0,11.0,,8.0,3786.0,11.001953125,7.48538827896118,9.0,11.0,0.600000023841858,8.39999961853027,20.4459247589111,0.0007057244656607,127.0,63.0583343505859,108.967987060547,139.850006103516,551.0,17.0,551384.0,,141.0,4008.0,,,,7.07254314422607,655.4,637.4,407.5,288.7,253.9,249.2,246.1,243.7,189.7,186.0,185.1,252.6
2023-01-05 01:05:12,6118,40.47,172.0,44.0,,8.0,5479.0,11.6457033157349,7.38640642166138,142.0,138.0,3.20000004768372,21.2000007629395,20.183666229248,0.0168025195598602,99.0,68.4033126831055,124.383964538574,139.873718261719,643.0,21.0,643220.0,,184.0,6007.0,,,,6.61492681503296,655.4,637.4,407.5,293.3,275.2,269.9,266.1,243.7,188.2,186.0,185.1,252.7
2023-01-07 01:47:58,3914,28.72,141.0,18.0,,8.0,3726.0,10.1281251907349,7.70953321456909,6.0,9.0,20.7999992370605,30.6000003814697,4.78337144851685,0.0062661655247211,99.0,65.5278778076172,125.318283081055,149.318283081055,572.0,24.0,572002.0,,153.0,3915.0,,,,7.33922338485718,655.4,637.4,407.5,293.3,275.2,269.9,266.1,243.7,188.2,186.0,185.1,252.7
2023-01-09 23:31:29,9552,69.08,128.0,27.0,,8.0,9244.0,13.6299991607666,7.47327756881714,170.0,189.0,162.399993896484,190.800003051758,12.8385152816772,0.0043426039628684,117.0,65.3862686157227,107.831489562988,152.845809936523,1399.0,16.0,1399081.0,,156.0,9553.0,,,,7.23230504989624,655.4,637.4,407.5,293.3,275.2,269.9,266.1,243.7,188.2,186.0,185.1,252.7
2023-01-12 01:12:53,9534,68.55,127.0,27.0,,8.0,8972.0,12.49609375,7.64137315750122,172.0,186.0,-1.79999995231628,25.7999992370605,6.86327123641968,-0.0064178863540291,119.0,65.9717636108398,108.954948425293,150.819442749023,1351.0,19.0,1351472.0,,153.0,9535.0,,,,7.19093751907349,655.4,637.4,407.5,293.3,275.2,269.9,266.1,243.7,188.2,186.0,185.1,252.7
2023-01-23 23:55:49,5807,45.4,127.0,17.0,,8.0,5659.0,11.8835935592651,8.02360916137695,9.0,7.0,15.1999998092651,24.6000003814697,6.44634246826172,0.0083690118044614,126.0,68.1456527709961,110.218063354492,153.079315185547,867.0,20.0,867182.0,,157.0,5808.0,,,,7.81911516189575,655.4,637.4,407.5,293.3,275.2,269.9,266.1,243.7,188.2,186.0,185.1,252.7
2023-01-25 23:23:55,5742,44.77,145.0,18.0,,8.0,5589.0,12.2839841842651,8.01122188568115,10.0,11.0,-1.20000004768372,7.19999980926514,8.56545352935791,0.0008933615172281,144.0,67.952522277832,112.290161132813,158.692932128906,892.0,16.0,891542.0,,170.0,5743.0,,,,7.79775667190552,655.4,637.4,407.5,293.3,275.2,269.9,266.1,231.2,188.2,186.0,185.1,252.7
2023-01-31 00:21:02,7423,61.17,162.0,37.0,,8.0,7306.0,13.3540010452271,8.37278556823731,13.0,4.0,26.7999992370605,40.4000015258789,8.9785099029541,0.0156935676932334,146.0,70.1207809448242,121.19034576416,173.400161743164,1263.0,17.0,1262802.0,,186.0,7424.0,,,,8.24081516265869,655.4,637.4,407.5,293.3,275.2,269.9,266.1,231.2,192.2,186.0,185.1,252.7
2023-02-01 23:51:21,5773,45.17,135.0,19.0,,8.0,5546.0,12.2599611282349,8.1453332901001,15.0,16.0,24.2000007629395,46.4000015258789,28.1319751739502,0.0354185923933982,124.0,62.1085166931152,115.433807373047,164.807403564453,913.0,15.0,912811.0,,170.0,5748.0,,,,7.82505083084106,655.4,637.4,407.5,293.3,275.2,269.9,266.1,231.2,192.2,186.0,185.1,252.7
2023-02-07 00:38:51,7843,60.48,159.0,34.0,,8.0,7553.0,13.3859376907349,8.00775337219238,11.0,8.0,-31.2000007629395,-17.3999996185303,11.1352758407593,0.0122349318116903,142.0,65.2752456665039,115.513221740723,162.683410644531,1236.0,16.0,1236370.0,,182.0,7844.0,,,,7.71166133880615,655.4,637.4,407.5,293.3,275.2,269.9,266.1,231.2,193.7,184.8,174.6,252.7
2023-02-08 22:02:55,6009,44.94,138.0,17.0,,8.0,5688.0,12.265998840332,7.90128564834595,10.0,3.0,18.3999996185303,29.0,13.6049690246582,0.0053401547484099,118.0,62.5705642700195,109.89803314209,153.832534790039,872.0,16.0,871651.0,,160.0,6010.0,,,,7.47919988632202,655.4,637.4,407.5,293.3,275.2,269.9,266.1,231.2,193.7,184.8,174.6,252.7
2023-02-11 22:21:28,2008,19.11,171.0,60.0,,8.0,1888.0,16.7900390625,10.1255083084106,100.599998474121,632.0,-500.0,42.0,5.26110887527466,-2.76613020896912,99.0,87.1668472290039,157.886947631836,224.831741333008,784.0,,427905.0,,230.0,2009.0,,,,9.52039813995361,655.4,637.4,407.5,293.3,275.2,269.9,266.1,237.4,193.7,184.8,174.6,252.7
2023-02-11 23:47:03,2552,17.08,160.0,23.0,,8.0,2472.0,10.5979976654053,6.9117317199707,30.0,48.0,-2.40000009536743,15.1999998092651,11.6020851135254,-0.0749160125851631,84.0,63.2874336242676,123.518882751465,114.178985595703,236.0,16.0,236291.0,,120.0,2553.0,,,,6.69506311416626,655.4,637.4,407.5,293.3,275.2,269.9,266.1,237.4,193.7,184.8,174.6,252.7
2023-02-17 23:33:27,16802,123.14,157.0,64.0,,8.0,15842.0,15.9421873092651,7.77334117889404,463.0,489.0,-13.1999998092651,90.1999969482422,13.7793121337891,-0.0064963921904563,154.0,72.0545043945313,115.573997497559,156.916870117188,2503.0,18.0,2503011.0,,163.0,16784.0,,,,7.3292031288147,591.0,508.4,333.6,293.3,275.2,269.9,266.1,237.4,193.7,184.8,174.6,252.7
2023-02-20 22:46:45,3774,24.28,141.0,7.0,,8.0,3445.0,10.7638673782349,7.04850482940674,6.0,9.0,6.40000009536743,16.7999992370605,6.6292610168457,-0.0329460762441158,126.0,61.9464874267578,88.4411087036133,125.458602905273,454.0,14.0,453926.0,,128.0,3754.0,,,,6.43404865264893,591.0,508.4,333.6,293.3,275.2,269.9,266.1,237.4,193.7,184.8,174.6,252.7
2023-02-22 23:05:25,6146,46.38,151.0,28.0,,8.0,5898.0,13.1078128814697,7.86463689804077,134.0,147.0,70.0,98.5999984741211,7.83469104766846,-0.0056051812134683,143.0,74.1140747070313,119.794296264648,160.180282592773,941.0,21.0,941152.0,,171.0,6147.0,,,,7.54728746414185,591.0,508.4,333.6,293.3,275.2,269.9,266.1,237.4,193.7,184.8,174.6,252.7
2023-02-24 21:52:39,8334,59.8,131.0,23.0,,8.0,7963.0,13.568359375,7.51012945175171,157.0,177.0,40.0,74.5999984741211,8.88228034973145,-0.0063541778363287,148.0,71.4516296386719,107.291610717773,147.834320068359,1157.0,20.0,1156729.0,,153.0,8335.0,,,,7.17580509185791,591.0,508.4,333.6,293.3,275.2,269.9,266.1,237.4,193.7,184.8,174.6,252.7
2023-03-04 00:06:42,10222,67.41,141.0,31.0,,8.0,9404.0,12.9261722564697,7.16906452178955,175.0,179.0,-20.3999996185303,20.3999996185303,7.53495407104492,0.0302590336650609,170.0,69.6232223510742,112.474517822266,137.016189575195,1266.0,22.0,1266439.0,,144.0,10147.0,,,,6.59537124633789,591.0,508.4,333.6,293.3,275.2,269.9,266.1,237.4,193.7,184.8,174.6,252.7
2023-03-04 22:55:41,1986,20.48,177.0,70.0,,8.0,1986.0,13.8738279342651,10.3121652603149,47.4000015258789,22.0,106.199996948242,122.199996948242,7.0368332862854,0.0390625782310962,99.0,88.4148483276367,160.966751098633,214.478088378906,574.0,,426119.0,,225.0,1987.0,,,,10.3121652603149,591.0,508.4,333.6,293.3,275.2,269.9,266.1,237.4,193.7,184.8,174.6,252.7
2023-03-06 03:04:29,3469,25.05,150.0,11.0,,8.0,3364.0,16.7639980316162,7.44893598556519,8.0,9.0,21.0,29.0,28.9880104064941,0.0063851317390799,109.0,69.8042144775391,107.476928710938,154.119232177734,520.0,20.0,519774.0,,170.0,3470.0,,,,7.22347116470337,501.4,443.8,333.6,291.0,253.3,247.1,240.6,237.4,193.7,184.8,174.6,252.7
2023-03-11 00:00:57,14351,107.22,150.0,49.0,,8.0,13685.0,13.921875,7.83487749099731,170.0,188.0,-8.39999961853027,23.0,12.3671474456787,0.0070882104337215,130.0,71.2840423583984,115.897773742676,154.654815673828,2114.0,18.0,2113952.0,,160.0,14352.0,,,,7.47127723693848,536.8,443.8,333.6,291.0,253.3,247.1,240.6,237.4,193.7,184.8,174.6,252.7
2023-05-04 04:18:44,7496,55.62,137.0,24.0,,8.0,7191.0,16.8559989929199,7.73491191864014,6.0,4.0,36.5999984741211,44.7999992370606,5.62845659255982,-0.0003595729358494,119.0,64.935791015625,114.339042663574,151.415649414063,1090.0,12.0,1089758.0,,152.0,7497.0,,,,7.42019081115723,536.8,417.6,291.5,260.2,215.3,201.9,188.0,181.7,169.4,167.0,166.9,252.7
2023-11-18 00:01:54,22391,150.03,142.0,68.0,,8.0,21208.0,16.9046878814697,7.07437801361084,567.370666503906,568.470642089844,4.80000019073486,103.900001525879,11.9414901733398,-0.0007331700762733,142.0,62.8375358581543,111.200958251953,132.950958251953,3895.0,17.0,,,138.0,22392.0,,,,6.70061206817627,361.6,333.8,284.2,272.7,212.1,197.2,178.5,164.5,151.0,146.1,145.4,252.7
