timestamp,position_lat,position_long,distance,enhanced_altitude,altitude,ascent,grade,calories,enhanced_speed,speed,heart_rate,temperature,cadence,power,left_right_balance,gps_accuracy,descriptor,product_name,serial_number,sessionID
2020-09-19 23:56:25+00:00,-38.02469543,145.3546552,14.08435,113.4,113.4,322,4.31,488,17.5824,17.5824,171,18,89,,,6,,,,
2020-09-24 01:57:12+00:00,-38.02920456,145.3804648,30.71738,61,61,629,-3.58,1031,34.2288,34.2288,137,12,82,,,6,,,,
2020-10-17 04:45:22+00:00,-38.02391457,145.3458308,43.05268,87,87,879,-3.18,1370,37.9368,37.9368,148,17,65,,,6,,,,
2020-10-17 04:45:23+00:00,-38.02398859,145.345904,43.06295,86.6,86.6,879,-3.12,1370,37.656,37.656,148,17,43,,,6,,,,
2020-10-17 22:34:52+00:00,-38.03216203,145.3551936,21.28824,101,101,330,2.22,608,13.7088,13.7088,152,11,92,,,6,,,,
2020-11-13 22:21:31+00:00,-38.05935703,145.4688142,49.12163,58.6,58.6,535,0,1190,35.748,35.748,141,13,103,,,6,,,,
2020-11-13 22:21:32+00:00,-38.05937489,145.4688936,49.1302,58.6,58.6,535,0,1190,36.0864,36.0864,141,13,98,,,6,,,,
2020-11-27 23:19:02+00:00,-38.02349548,145.3458557,69.70844,97.4,97.4,641,7.7,680,13.4316,13.4316,99,19,80,,,6,,,,
2020-12-04 23:14:25+00:00,-38.05436276,145.3726761,64.00046,74.6,74.6,551,0,180,31.1688,31.1688,97,24,96,,,6,,,,
2020-12-08 19:21:35+00:00,-38.00615617,145.3651946,26.53516,134.2,134.2,374,2.2,25,16.1208,16.1208,54,10,81,,,6,,,,
2020-12-22 23:58:15+00:00,-38.04417799,145.4641315,18.17465,59.6,59.6,216,0,,27.108,27.108,,13,1,,,7,,,,
2021-01-08 20:13:19+00:00,-38.02465109,145.345028,0.22471,126.4,126.4,0,0,0,43.2036,43.2036,,18,0,,,7,,,,
2021-01-08 20:13:20+00:00,-38.02459342,145.3451275,0.23619,125.8,125.8,0,0,0,44.0064,44.0064,,18,0,,,6,,,,
2021-01-08 23:11:31+00:00,-38.04242274,145.3645649,66.09154,77.2,77.2,541,0,461,27.1152,27.1152,,29,64,,,6,,,,
2021-01-11 19:42:06+00:00,-38.02545357,145.3436071,0.09271,,,,,,27.36,27.36,,20,0,,,6,,,,
2021-01-11 19:42:09+00:00,-38.02524981,145.3438269,0.11756,,,,,,32.2992,32.2992,,20,0,,,8,,,,
2021-01-11 19:42:10+00:00,-38.02518192,145.3439002,0.12854,,,,,,32.2596,32.2596,,20,0,,,9,,,,
2021-01-18 20:54:09+00:00,-38.00388367,145.4105558,21.52067,226.8,226.8,452,5.48,,15.0552,15.0552,,10,79,,,6,,,,
2021-01-22 19:56:07+00:00,-37.99840769,145.3191346,23.19654,63.4,63.4,381,2.76,,26.7444,26.7444,,13,95,,,6,,,,
2021-01-29 19:03:09+00:00,-38.02475511,145.3446118,0.17842,,,,,,33.7464,33.7464,,16,0,,,6,,,,
2021-01-29 20:01:37+00:00,-38.00840613,145.3221623,24.37482,89.2,89.2,375,0.53,,41.8932,41.8932,,14,93,,,6,,,,
2021-01-30 21:36:11+00:00,-38.00697911,145.4154711,38.59521,197.4,197.4,696,0,,22.7988,22.7988,,16,75,,,6,,,,
2021-02-02 19:28:12+00:00,-38.02745509,145.3483876,29.64183,79,79,407,-3.05,,35.694,35.694,,8,0,,,6,,,,
2021-02-02 19:28:18+00:00,-38.0276985,145.3478419,29.6886,77.6,77.6,407,-2.93,,21.9924,21.9924,,8,0,,,6,,,,
2021-02-03 19:10:24+00:00,-38.0592163,145.4676183,24.0848,60.4,60.4,98,0,,31.374,31.374,,8,94,,,6,,,,
2021-02-05 21:57:57+00:00,-38.06629146,145.3906255,64.15704,60.4,60.4,847,0,,32.6376,32.6376,,18,82,,,7,,,,
2021-02-12 22:32:35+00:00,-38.04411496,145.3550099,23.67391,56.2,56.2,361,2.41,,21.8772,21.8772,,18,92,,,6,,,,
2021-02-13 22:19:40+00:00,-38.03161788,145.3934887,18.97916,152.8,152.8,517,8.39,,14.2092,14.2092,,15,76,,,8,,,,
2021-02-13 22:19:42+00:00,-38.03163003,145.3935241,18.98654,153.6,153.6,518,9.61,,12.3444,12.3444,,15,64,,,6,,,,
2021-02-15 20:12:22+00:00,-38.03087457,145.3922261,17.02865,135.2,135.2,431,-10.3,,51.1848,51.1848,,13,53,,,10,,,,
2021-02-15 20:12:23+00:00,-38.03074742,145.3920357,17.04255,134,134,431,-9.87,,50.8464,50.8464,,13,44,,,7,,,,
2021-02-19 21:57:08+00:00,-38.12574363,145.3152642,0.09285,,,,,,26.478,26.478,,21,90,,,6,,,,
2021-02-23 19:05:36+00:00,-38.04295549,145.3910008,17.72193,124,124,158,8.83,,13.356,13.356,,7,81,,,6,,,,
2021-02-23 19:05:37+00:00,-38.04293387,145.3910501,17.72462,124.4,124.4,158,8.88,,13.0536,13.0536,,7,77,,,7,,,,
2021-02-24 19:25:47+00:00,-38.02931193,145.3911563,16.65458,127.4,127.4,446,-7.5,,43.29,43.29,,7,0,,,7,,,,
2021-02-27 01:26:06+00:00,-38.02844918,145.3561745,45.9756,105.2,105.2,358,-2.76,,36.3456,36.3456,,15,86,,,6,,,,
2021-03-02 19:23:33+00:00,-38.00863604,145.361876,26.29695,145.6,145.6,350,4.22,,19.0332,19.0332,,10,96,,,6,,,,
2021-03-02 19:23:38+00:00,-38.00848416,145.3618317,26.32311,147.4,147.4,352,5.63,,18.1152,18.1152,,10,94,,,9,,,,
2021-03-05 21:07:40+00:00,-37.98762789,145.4393421,19.26133,224,224,352,-4.51,,29.0664,29.0664,,10,17,,,6,,,,
2021-03-17 19:14:43+00:00,-38.04655636,145.4671456,25.84194,74.4,74.4,109,0.69,,32.5656,32.5656,,9,96,,,6,,,,
2021-03-20 01:01:06+00:00,-36.70007402,146.8531172,5.5551,320.4,320.4,100,-1.83,,34.5456,34.5456,,19,97,,,6,,,,
2021-03-27 00:40:26+00:00,-37.91024616,145.2182312,6.87487,72.2,72.2,50,2.18,,34.3224,34.3224,,14,97,,,6,,,,
2021-03-28 05:26:05+00:00,-38.01967677,145.3535193,24.76958,106,106,495,-3.44,,40.7016,40.7016,,20,96,,,6,,,,
2021-04-13 02:30:33+00:00,-37.86990515,145.3785966,32.94525,513,513,783,7.28,,11.79,11.79,,12,75,,,7,,,,
2021-04-13 03:30:33+00:00,-37.97083684,145.3976988,59.97298,180.2,180.2,1146,0,,27.9576,27.9576,,17,92,,,6,,,,
2021-04-30 21:55:48+00:00,-38.03430771,145.4285732,24.9158,88.4,88.4,235,-1.63,729,29.2104,29.2104,169,7,93,,,6,,,,
2021-04-30 21:55:49+00:00,-38.03426983,145.4286915,24.92211,88.4,88.4,235,-1.26,729,28.8612,28.8612,169,7,91,,,7,,,,
2021-05-08 21:50:44+00:00,-38.12593994,145.315646,29.9674,55.6,55.6,61,0,812,25.0056,25.0056,158,9,86,,,6,,,,
2021-05-23 04:34:03+00:00,-37.21722689,145.0833851,20.97277,278.2,278.2,484,-2.95,690,36.234,36.234,179,16,90,,,6,,,,
2021-06-06 00:52:28+00:00,-38.06792761,145.401024,9.36531,82.4,82.4,55,-0.5,260,36.468,36.468,157,13,95,,,6,,,,
2021-06-13 01:37:20+00:00,-37.93046021,145.3841867,20.15119,201.6,201.6,357,1.06,598,23.0004,23.0004,140,11,102,,,7,,,,
2021-06-19 00:09:15+00:00,-38.07729531,145.4426905,60.70947,41.6,41.6,540,0,1252,41.6376,41.6376,134,9,101,,,6,,,,
2021-07-02 23:11:56+00:00,-38.06779359,145.3998574,7.1975,47.4,47.4,8,0,13,36.342,36.342,,6,95,,,6,,,,
2021-07-07 00:29:29+00:00,-38.02614265,145.3433445,0.03377,,,,,1,11.5344,11.5344,129,8,0,,,6,,,,
2021-07-07 00:29:31+00:00,-38.02617358,145.3432808,0.04089,,,,,1,10.4472,10.4472,129,8,47,,,6,,,,
2021-07-07 01:28:36+00:00,-37.95478424,145.3839896,15.53827,160.8,160.8,293,1.87,489,18.2232,18.2232,144,8,92,,,6,,,,
2021-07-07 02:28:39+00:00,-37.9158798,145.4490994,37.82495,274.8,274.8,817,2.68,893,17.2584,17.2584,155,8,97,,,7,,,,
2021-08-01 01:40:30+00:00,-38.02461522,145.3424833,0.04547,,,,,0,9.6192,9.6192,139,15,58,,,6,,,,
2021-08-01 01:40:33+00:00,-38.02451195,145.3423179,0.06965,,,,,1,9.8964,9.8964,139,15,56,,,8,,,,
2021-08-01 01:40:35+00:00,-38.02419855,145.3421502,0.10854,,,,,1,14.2344,14.2344,139,15,55,,,8,,,,
2021-08-01 01:40:50+00:00,-38.0244029,145.3423913,0.25592,,,,,4,14.058,14.058,139,15,53,,,6,,,,
2021-08-08 01:03:42+00:00,-38.00499997,145.4831124,19.69728,96.2,96.2,326,0,24,22.4676,22.4676,,11,95,,,7,,,,
2021-09-12 00:02:59+00:00,-38.02607216,145.343086,0,,,,,4,0,0,127,14,24,,,6,,,,
2021-09-12 01:01:31+00:00,-38.02085593,145.4335694,19.56128,190.2,190.2,238,0,675,17.8776,17.8776,151,16,71,,,6,,,,
2021-10-08 21:13:35+00:00,-38.01519832,145.4292356,18.37855,175,175,238,3.52,717,4.0032,4.0032,161,13,76,,,8,,,,
2021-10-17 00:58:35+00:00,-38.05150327,145.4692619,19.57402,66,66,141,0,593,33.7284,33.7284,155,14,99,,,6,,,,
2021-10-23 20:02:54+00:00,-37.94504313,145.4630533,21.30951,278,278,394,3.39,772,31.2552,31.2552,176,6,98,,,6,,,,
2021-10-30 23:43:08+00:00,-36.46032494,146.2251854,0,,,,,6,0,0,129,29,61,,,9,,,,
2021-11-06 00:21:41+00:00,-36.46004582,146.1940377,14.12505,205.6,205.6,178,0,478,31.9752,31.9752,192,27,97,,,6,,,,
2021-12-03 19:01:30+00:00,-38.02612756,145.3434473,0,,,,,0,0,0,125,16,,,,7,,,,
2021-12-03 19:59:49+00:00,-38.03094196,145.4961548,25.04558,154.2,154.2,185,6.45,602,11.7324,11.7324,173,11,79,,,6,,,,
2021-12-04 20:05:26+00:00,-38.02652738,145.3431397,0,111.2,111.2,0,0,71,0,0,129,15,96,,,8,,,,
2021-12-07 05:11:59+00:00,-38.02641188,145.3431673,0,,,,,42,0,0,123,18,87,,,7,,,,
2021-12-07 05:12:03+00:00,-38.02643484,145.343157,0,,,,,43,0,0,121,18,89,,,6,,,,
2021-12-07 05:12:05+00:00,-38.02644624,145.343152,0,,,,,43,0,0,122,18,91,,,6,,,,
2021-12-07 05:12:07+00:00,-38.02645773,145.3431469,0,,,,,44,0,0,124,18,90,,,6,,,,
2021-12-07 05:12:08+00:00,-38.02646343,145.3431444,0,,,,,44,0,0,126,18,90,,,6,,,,
2021-12-07 05:12:33+00:00,-38.02647399,145.3431397,0,,,,,47,0,0,123,18,89,,,6,,,,
2021-12-07 05:12:38+00:00,-38.02647399,145.3431397,0,,,,,48,0,0,124,18,88,,,6,,,,
2021-12-07 05:12:52+00:00,-38.02656552,145.3430938,0,,,,,50,0,0,122,18,88,,,6,,,,
2021-12-07 05:12:56+00:00,-38.02656552,145.3430938,0,,,,,51,0,0,124,18,88,,,6,,,,
2021-12-07 05:13:05+00:00,-38.02656552,145.3430938,0,,,,,52,0,0,123,18,89,,,8,,,,
2021-12-07 05:13:10+00:00,-38.02657273,145.3430795,0,,,,,53,0,0,124,18,90,,,8,,,,
2021-12-07 05:13:14+00:00,-38.02663039,145.3430023,0,,,,,53,0,0,122,18,89,,,7,,,,
2021-12-07 05:13:15+00:00,-38.02663039,145.3430023,0,,,,,53,0,0,122,18,88,,,7,,,,
2021-12-10 19:37:28+00:00,-36.10705605,144.7339276,0.00082,,,,,3,13.4388,13.4388,108,12,51,,,11,,,,
2021-12-10 19:37:32+00:00,-36.10694457,144.7339279,0.01377,,,,,4,14.7276,14.7276,112,12,68,,,10,,,,
2021-12-10 19:37:44+00:00,-36.10670066,144.7344783,0.07107,,,,,5,18.3816,18.3816,125,12,89,,,10,,,,
2021-12-10 20:36:26+00:00,-36.25760819,144.7772205,24.25216,120.2,120.2,3,0,595,31.6116,31.6116,139,12,89,,,8,,,,
2021-12-10 20:36:30+00:00,-36.25802192,144.7773591,24.28611,120.2,120.2,3,0,596,32.3244,32.3244,140,12,95,,,8,,,,
2021-12-10 20:36:33+00:00,-36.2582893,144.7772196,24.34101,120.4,120.4,3,0,597,31.3056,31.3056,143,12,92,,,7,,,,
2021-12-10 20:36:34+00:00,-36.25832551,144.7772927,24.35169,120.4,120.4,3,0,597,31.0968,31.0968,145,12,83,,,7,,,,
2021-12-10 20:36:38+00:00,-36.25873606,144.7772405,24.39985,120.4,120.4,3,0,598,29.8584,29.8584,145,12,82,,,6,,,,
2021-12-16 00:24:35+00:00,-38.02804828,145.4354191,20.87874,184,184,248,-5.12,716,39.4776,39.4776,118,22,63,,,6,,,,
2021-12-16 00:24:37+00:00,-38.02829303,145.4354399,20.90582,183.2,183.2,248,-5.06,716,39.6432,39.6432,123,22,25,,,6,,,,
2021-12-17 07:32:45+00:00,-37.7638931,145.0258026,0,,,,,2,0,0,119,30,,,,5,,,,
2021-12-17 07:32:53+00:00,-37.76392747,145.02565,0,,,,,3,0,0,120,30,,,,5,,,,
2021-12-17 07:33:09+00:00,-37.76409527,145.0254516,0,,,,,5,0,0,133,30,,,,5,,,,
2021-12-17 07:33:17+00:00,-37.76392755,145.0253298,0,,,,,7,0,0,123,30,,,,5,,,,
2021-12-17 07:33:20+00:00,-37.76390836,145.0252534,0,,,,,7,0,0,122,30,,,,5,,,,
2021-12-17 07:33:25+00:00,-37.76393887,145.0252228,0,,,,,8,0,0,112,30,,,,4,,,,
2021-12-17 07:33:33+00:00,-37.76395814,145.0253596,0,,,,,9,0,0,118,30,,,,5,,,,
2021-12-17 07:33:39+00:00,-37.76398078,145.0253908,0,,,,,10,0,0,110,30,,,,5,,,,
2021-12-17 07:33:47+00:00,-37.76391615,145.0256345,0,,,,,11,0,0,114,30,,,,5,,,,
2021-12-17 07:33:57+00:00,-37.76353109,145.0260768,0,,,,,12,0,0,113,30,,,,5,,,,
2021-12-17 07:33:58+00:00,-37.76350795,145.0260773,0.0024,,,,,12,8.136,8.136,110,30,,,,5,,,,
2021-12-17 07:33:59+00:00,-37.76350024,145.0260468,0.005,,,,,12,7.452,7.452,107,30,,,,5,,,,
2021-12-17 07:34:04+00:00,-37.76351156,145.0258484,0.02458,,,,,13,3.8592,3.8592,97,30,,,,5,,,,
2021-12-17 07:34:06+00:00,-37.76355741,145.0258178,0.03057,,,,,13,3.0132,3.0132,95,30,,,,5,,,,
2021-12-17 07:34:10+00:00,-37.76360326,145.0256957,0.0363,,,,,13,0,0,94,30,,,,5,,,,
2021-12-17 07:34:11+00:00,-37.76361851,145.0256652,0.0363,,,,,13,0,0,95,30,,,,5,,,,
2021-12-17 07:35:23+00:00,-37.76412142,145.0246576,0.04456,,,,,14,9.6876,9.6876,135,30,,,,5,,,,
2021-12-17 07:35:34+00:00,-37.76405789,145.0246735,0.06167,,,,,16,13.7916,13.7916,145,30,,,,5,,,,
2021-12-17 07:35:41+00:00,-37.76384742,145.0244904,0.09246,,,,,18,13.41,13.41,144,30,,,,5,,,,
2021-12-17 07:35:47+00:00,-37.76375195,145.0242312,0.11843,,,,,19,11.5632,11.5632,143,30,,,,5,,,,
2021-12-17 07:36:00+00:00,-37.76419795,145.0240483,0.17435,,,,,22,5.04,5.04,143,30,,,,5,,,,
2021-12-17 07:36:14+00:00,-37.76388187,145.0236212,0.23177,336.6,336.6,0,0,24,15.75,15.75,141,30,,,,5,,,,
2021-12-17 07:36:16+00:00,-37.76386293,145.02353,0.24033,336.8,336.8,0,0,25,14.4792,14.4792,141,30,,,,5,,,,
2021-12-17 07:36:18+00:00,-37.76383216,145.0235291,0.24361,337.2,337.2,0,0.97,25,9.2088,9.2088,143,30,,,,5,,,,
2021-12-17 07:36:19+00:00,-37.76383208,145.0235139,0.24451,337.4,337.4,0,1.69,25,8.8848,8.8848,144,30,,,,5,,,,
2021-12-17 07:36:25+00:00,-37.76402604,145.0235291,0.26613,338.2,338.2,1,5.36,27,16.4808,16.4808,149,30,,,,5,,,,
2021-12-17 07:36:35+00:00,-37.76415646,145.0237425,0.29743,336.6,336.6,2,-6.14,29,10.5516,10.5516,146,30,,,,5,,,,
2021-12-17 07:36:38+00:00,-37.76405739,145.0238188,0.31015,336.6,336.6,2,-5.1,29,15.9192,15.9192,141,30,,,,5,,,,
2021-12-17 07:36:39+00:00,-37.76402671,145.0238342,0.31401,336.6,336.6,2,-3.72,30,17.82,17.82,140,30,,,,5,,,,
2021-12-17 07:36:46+00:00,-37.76384373,145.0236976,0.33979,336.2,336.2,2,-0.62,31,15.3324,15.3324,137,30,,,,5,,,,
2021-12-17 07:37:06+00:00,-37.76421756,145.0238489,0.42404,336.6,336.6,2,0,35,12.6036,12.6036,144,30,,,,5,,,,
2021-12-17 07:37:09+00:00,-37.76411455,145.0239715,0.43986,337,337,2,2.06,35,17.2188,17.2188,149,30,,,,5,,,,
2021-12-17 07:37:13+00:00,-37.76399259,145.0240021,0.45363,337.4,337.4,3,2.21,36,13.6476,13.6476,148,30,,,,5,,,,
2021-12-17 07:37:19+00:00,-37.76390861,145.0238046,0.47315,337,337,3,-0.55,37,15.3612,15.3612,143,30,,,,5,,,,
2021-12-17 07:37:27+00:00,-37.76410231,145.0236966,0.50602,337.8,337.8,3,1.76,39,17.8128,17.8128,142,30,,,,5,,,,
2021-12-17 07:37:30+00:00,-37.76420583,145.0237579,0.51883,337.6,337.6,3,1.44,40,13.9104,13.9104,139,30,,,,5,,,,
2021-12-17 07:37:35+00:00,-37.7642899,145.0239251,0.53763,337,337,3,-1.35,41,9.1836,9.1836,146,30,,,,5,,,,
2021-12-17 07:37:38+00:00,-37.76424807,145.0240777,0.55125,336.6,336.6,3,-3.6,41,11.4804,11.4804,145,30,,,,5,,,,
2021-12-17 07:37:47+00:00,-37.76394666,145.0240328,0.59026,336.4,336.4,3,0,43,17.0172,17.0172,144,30,,,,5,,,,
2021-12-17 07:37:50+00:00,-37.76390844,145.023926,0.60015,336.4,336.4,3,0,44,15.7356,15.7356,145,30,,,,5,,,,
2021-12-17 07:37:56+00:00,-37.76401506,145.0238494,0.62095,336.4,336.4,4,0.03,45,17.37,17.37,144,30,,,,5,,,,
2021-12-17 07:37:57+00:00,-37.76404842,145.0238643,0.62493,336.4,336.4,4,0.21,45,15.066,15.066,145,30,,,,5,,,,
2021-12-17 07:38:04+00:00,-37.76419066,145.0239716,0.64391,336.4,336.4,4,-0.27,45,9.8136,9.8136,None,30,,,,6,,,,
2021-12-17 07:38:09+00:00,-37.764149,145.0240324,0.65294,336.4,336.4,4,-0.12,45,8.8596,8.8596,None,30,,,,6,,,,
2021-12-17 07:38:13+00:00,-37.76403442,145.0240173,0.66615,336.4,336.4,4,0.8,45,15.8616,15.8616,None,30,,,,6,,,,
2021-12-17 07:38:18+00:00,-37.76392747,145.0238043,0.68885,336.4,336.4,4,0,45,13.6332,13.6332,None,30,,,,5,,,,
2021-12-17 07:38:21+00:00,-37.76387793,145.0237427,0.69763,336.4,336.4,4,-0.42,45,11.3832,11.3832,None,30,,,,5,,,,
2021-12-17 07:38:26+00:00,-37.76398455,145.0235902,0.71784,336.4,336.4,4,0.03,45,15.4656,15.4656,None,30,,,,5,,,,
2021-12-17 07:38:40+00:00,-37.76424799,145.0238799,0.77369,336.8,336.8,4,0.77,45,14.922,14.922,None,30,,,,5,,,,
2021-12-17 07:38:44+00:00,-37.76410315,145.0239259,0.79143,336.8,336.8,4,0.53,45,16.6248,16.6248,None,30,,,,5,,,,
2021-12-17 07:38:47+00:00,-37.76400408,145.0238651,0.80356,336.8,336.8,4,0.11,45,15.9516,15.9516,None,30,,,,5,,,,
2021-12-17 07:39:00+00:00,-37.76417096,145.0235293,0.85697,336.8,336.8,4,0,45,11.7396,11.7396,None,30,,,,5,,,,
2021-12-17 07:39:25+00:00,-37.76403392,145.023178,0.95197,336.6,336.6,4,0,45,16.704,16.704,None,30,,,,5,,,,
2021-12-17 07:39:30+00:00,-37.76422092,145.0232392,0.97367,336.6,336.6,4,0,45,12.8556,12.8556,None,30,,,,5,,,,
2021-12-17 07:39:36+00:00,-37.76427465,145.0234374,0.99792,336.6,336.6,4,0,45,2.7936,2.7936,None,30,,,,5,,,,
2021-12-17 07:39:45+00:00,-37.76400768,145.0235748,1.03489,336.8,336.8,4,0,45,15.8292,15.8292,None,30,,,,5,,,,
2021-12-17 07:39:48+00:00,-37.76396954,145.0234837,1.04397,336.8,336.8,4,0,45,12.9024,12.9024,None,30,,,,5,,,,
2021-12-17 07:39:57+00:00,-37.76413651,145.0233762,1.07237,337.8,337.8,5,3.3,45,17.4168,17.4168,None,30,,,,5,,,,
2021-12-17 07:39:58+00:00,-37.76417901,145.0233916,1.0772,338,338,5,3.22,45,17.1792,17.1792,None,30,,,,5,,,,
2021-12-17 07:40:00+00:00,-37.76426149,145.0234216,1.0866,337.8,337.8,5,2.31,45,14.67,14.67,None,30,,,,5,,,,
2021-12-17 07:40:03+00:00,-37.76435419,145.023513,1.10121,337.4,337.4,5,-0.05,45,15.246,15.246,None,30,,,,5,,,,
2021-12-17 07:40:06+00:00,-37.7643738,145.023666,1.11431,336.8,336.8,5,-2.35,45,15.732,15.732,None,30,,,,5,,,,
2021-12-17 07:40:08+00:00,-37.76433592,145.0237576,1.12481,336.6,336.6,5,-3.1,45,16.272,16.272,None,30,,,,5,,,,
2021-12-17 07:40:09+00:00,-37.76430935,145.023803,1.12929,336.6,336.6,5,-3.05,45,17.3772,17.3772,None,30,,,,5,,,,
2021-12-17 07:40:13+00:00,-37.76417213,145.0238798,1.14626,336.4,336.4,5,-1.57,45,16.5204,16.5204,None,30,,,,5,,,,
2021-12-17 07:40:14+00:00,-37.76414498,145.02388,1.14909,336.4,336.4,5,-1.26,45,15.678,15.678,None,30,,,,5,,,,
2021-12-17 07:40:24+00:00,-37.76395395,145.0237733,1.18008,336.4,336.4,5,0,45,10.6596,10.6596,None,30,,,,5,,,,
2021-12-17 07:40:47+00:00,-37.76395781,145.023789,1.25953,336.6,336.6,5,0,45,16.2108,16.2108,None,30,,,,5,,,,
2021-12-17 07:41:07+00:00,-37.76426442,145.0236348,1.33186,336.6,336.6,6,0,46,9.0504,9.0504,145,30,,,,5,,,,
2021-12-17 07:41:15+00:00,-37.76403853,145.0235149,1.36309,336.6,336.6,6,0,48,17.2656,17.2656,148,30,,,,5,,,,
2021-12-17 07:41:23+00:00,-37.7640682,145.0232851,1.39125,336.6,336.6,6,0,49,14.6052,14.6052,147,30,,,,5,,,,
2021-12-17 07:41:27+00:00,-37.7641485,145.0235123,1.4154,336.6,336.6,6,0,50,13.6656,13.6656,145,30,,,,5,,,,
2021-12-17 07:41:44+00:00,-37.76396636,145.0240033,1.48177,336.6,336.6,6,0,54,13.6188,13.6188,145,30,,,,5,,,,
2021-12-17 07:41:49+00:00,-37.76394633,145.0237131,1.5075,336.6,336.6,6,0,55,13.9248,13.9248,141,30,,,,5,,,,
2021-12-17 07:41:53+00:00,-37.76404909,145.023636,1.52136,336.6,336.6,6,0,55,15.876,15.876,142,30,,,,5,,,,
2021-12-17 07:41:54+00:00,-37.76407993,145.0236359,1.52514,336.6,336.6,6,0,56,15.3612,15.3612,143,30,,,,5,,,,
2021-12-17 07:42:05+00:00,-37.76414908,145.0239104,1.56643,336.8,336.8,6,0,58,15.6348,15.6348,144,30,,,,5,,,,
2021-12-17 07:42:18+00:00,-37.76396544,145.0234683,1.62331,336.8,336.8,6,0,61,13.59,13.59,143,30,,,,5,,,,
2021-12-17 07:42:21+00:00,-37.76409896,145.0233765,1.63986,336.8,336.8,6,0,61,18.2844,18.2844,142,30,,,,5,,,,
2021-12-17 07:42:34+00:00,-37.76430574,145.0234525,1.67386,337,337,6,0,64,9.684,9.684,147,30,,,,5,,,,
2021-12-17 07:42:36+00:00,-37.76423299,145.0234529,1.68225,337,337,6,0,64,14.652,14.652,148,30,,,,5,,,,
2021-12-17 07:42:41+00:00,-37.7641081,145.0233322,1.69986,337,337,6,0,65,14.1552,14.1552,147,30,,,,5,,,,
2021-12-17 07:42:46+00:00,-37.76408362,145.0231784,1.71477,337,337,6,0,66,11.2644,11.2644,146,30,,,,5,,,,
2021-12-17 07:42:53+00:00,-37.76433173,145.0232086,1.7444,337.2,337.2,6,0.35,68,9.6696,9.6696,147,30,,,,5,,,,
2021-12-17 07:42:57+00:00,-37.76440046,145.0233001,1.7552,337,337,6,-0.13,68,5.67,5.67,148,30,,,,5,,,,
2021-12-17 07:42:58+00:00,-37.76441186,145.0233153,1.75682,337,337,6,-0.35,69,2.6208,2.6208,147,30,,,,5,,,,
2021-12-17 07:43:05+00:00,-37.76417934,145.0233765,1.78479,336.8,336.8,6,-0.8,70,17.748,17.748,146,30,,,,5,,,,
2021-12-17 07:43:07+00:00,-37.76406912,145.0234826,1.80202,336.8,336.8,6,-0.41,70,15.966,15.966,145,30,,,,5,,,,
2021-12-17 07:43:08+00:00,-37.76400927,145.0235278,1.81052,336.8,336.8,6,-0.11,71,15.1164,15.1164,144,30,,,,5,,,,
2021-12-17 07:43:26+00:00,-37.76425168,145.0236052,1.89847,337,337,6,0,74,10.7316,10.7316,147,30,,,,5,,,,
2021-12-17 07:43:27+00:00,-37.7642329,145.0236957,1.90643,337,337,6,0,75,13.32,13.32,147,30,,,,5,,,,
2021-12-17 07:43:30+00:00,-37.76415277,145.0238797,1.92507,337.2,337.2,6,0,75,17.0892,17.0892,147,30,,,,5,,,,
2021-12-17 07:43:46+00:00,-37.76410516,145.0234227,2.00235,338.6,338.6,7,2.89,79,18.2268,18.2268,152,30,,,,5,,,,
2021-12-17 07:43:49+00:00,-37.76422846,145.023407,2.0159,338.6,338.6,7,2.91,79,13.1364,13.1364,152,30,,,,5,,,,
2021-12-17 07:43:53+00:00,-37.76431647,145.0234527,2.02693,337.8,337.8,7,-1.04,80,7.2648,7.2648,153,30,,,,5,,,,
2021-12-17 07:43:59+00:00,-37.76425218,145.0235441,2.04072,337,337,7,-7.08,82,13.986,13.986,151,30,,,,5,,,,
2021-12-17 07:44:06+00:00,-37.76408044,145.0234836,2.06202,336.8,336.8,7,-0.71,83,14.5332,14.5332,145,30,,,,5,,,,
2021-12-17 07:44:07+00:00,-37.76406175,145.0234833,2.06441,336.8,336.8,7,-0.54,83,14.2596,14.2596,145,30,,,,5,,,,
2021-12-17 07:44:23+00:00,-37.76424414,145.023681,2.12155,337,337,8,-0.19,84,12.5244,12.5244,None,30,,,,5,,,,
2021-12-17 07:44:34+00:00,-37.76383996,145.0238042,2.18292,336.8,336.8,8,0,84,17.0028,17.0028,None,30,,,,5,,,,
2021-12-17 07:44:37+00:00,-37.7638092,145.0237123,2.19214,336.8,336.8,8,0,84,15.2892,15.2892,None,30,,,,5,,,,
2021-12-17 07:44:41+00:00,-37.76384734,145.023636,2.2003,337,337,8,0,84,9.7776,9.7776,None,30,,,,5,,,,
2021-12-17 07:44:48+00:00,-37.76403794,145.023651,2.22248,337,337,8,0,84,10.7928,10.7928,None,30,,,,5,,,,
2021-12-17 07:45:04+00:00,-37.76372873,145.0237579,2.30492,337.2,337.2,8,0,85,16.65,16.65,143,30,,,,6,,,,
2021-12-17 07:45:19+00:00,-37.76398363,145.0238489,2.35508,337.2,337.2,8,0,86,10.7928,10.7928,None,30,,,,5,,,,
2021-12-17 07:45:23+00:00,-37.76405336,145.0240478,2.37468,337.2,337.2,8,0,86,12.7188,12.7188,None,30,,,,5,,,,
2021-12-17 07:45:33+00:00,-37.76377886,145.0237888,2.41886,337.4,337.4,8,0,86,18.0792,18.0792,None,30,,,,5,,,,
2021-12-17 07:45:42+00:00,-37.76409075,145.0236814,2.46442,337.4,337.4,8,0,86,11.8116,11.8116,None,30,,,,5,,,,
2021-12-17 07:45:49+00:00,-37.76436182,145.0236822,2.49675,337.2,337.2,8,0,86,5.4828,5.4828,,30,,,,5,,,,
2021-12-17 07:45:51+00:00,-37.76437003,145.023712,2.50225,337.2,337.2,8,0,86,5.5224,5.5224,,30,,,,5,,,,
2021-12-17 07:46:10+00:00,-37.76411757,145.023712,2.57327,337.6,337.6,8,0,89,12.9492,12.9492,148,30,,,,5,,,,
2021-12-17 07:46:14+00:00,-37.76425126,145.0237577,2.58908,337.6,337.6,8,0,90,12.3768,12.3768,151,30,,,,5,,,,
2021-12-17 07:46:17+00:00,-37.76428244,145.0238339,2.59961,338.2,338.2,8,0,90,4.14,4.14,152,30,,,,5,,,,
2021-12-17 07:46:21+00:00,-37.76414179,145.0238803,2.61659,338.6,338.6,8,4.37,91,14.5476,14.5476,158,30,,,,5,,,,
2021-12-17 07:46:22+00:00,-37.76408111,145.023865,2.6234,338.6,338.6,8,4.85,92,19.1412,19.1412,158,30,,,,5,,,,
2021-12-17 07:46:32+00:00,-37.76393895,145.023575,2.65873,338.2,338.2,9,0,94,14.5224,14.5224,149,30,,,,5,,,,
2021-12-17 07:46:33+00:00,-37.76396175,145.0235292,2.66276,338.2,338.2,9,0,94,12.9672,12.9672,148,30,,,,5,,,,
2021-12-17 07:46:41+00:00,-37.76426685,145.0235289,2.69877,338,338,9,-0.62,96,11.0124,11.0124,153,30,,,,5,,,,
2021-12-17 07:46:43+00:00,-37.76431639,145.0236203,2.70859,338,338,9,-0.91,96,11.9088,11.9088,152,30,,,,5,,,,
2021-12-17 07:46:45+00:00,-37.76430516,145.0236967,2.71517,338,338,9,-0.31,97,9.036,9.036,150,30,,,,5,,,,
2021-12-17 07:46:49+00:00,-37.76414179,145.0237582,2.73606,338.2,338.2,9,0.16,98,19.0692,19.0692,145,30,,,,5,,,,
2021-12-17 07:46:53+00:00,-37.76400785,145.0236365,2.75476,337.8,337.8,9,0,98,18.828,18.828,145,30,,,,5,,,,
2021-12-17 07:46:57+00:00,-37.76398849,145.0234075,2.77552,337.8,337.8,9,0,99,17.9676,17.9676,146,30,,,,5,,,,
2021-12-17 07:47:01+00:00,-37.76410567,145.0232095,2.79943,338,338,9,-0.29,100,19.0116,19.0116,153,30,,,,5,,,,
2021-12-17 07:47:08+00:00,-37.76447992,145.0232081,2.84267,337.8,337.8,9,0,102,13.3236,13.3236,150,30,,,,5,,,,
2021-12-17 07:47:13+00:00,-37.76451504,145.0233915,2.86356,338,338,9,0.1,103,7.8984,7.8984,151,30,,,,5,,,,
2021-12-17 07:47:20+00:00,-37.76418705,145.0233312,2.90622,337.8,337.8,9,-0.19,104,15.9912,15.9912,149,30,,,,5,,,,
2021-12-17 07:47:30+00:00,-37.76432016,145.0232085,2.94272,337.6,337.6,9,-0.59,106,12.7224,12.7224,139,30,,,,5,,,,
2021-12-17 07:47:32+00:00,-37.76435838,145.0232542,2.94919,337.4,337.4,9,-0.73,107,6.9768,6.9768,138,30,,,,5,,,,
2021-12-17 07:47:37+00:00,-37.76438906,145.0234518,2.96719,337,337,9,-2.42,108,7.146,7.146,130,30,,,,5,,,,
2021-12-17 07:47:47+00:00,-37.76429015,145.0237425,2.99873,336.8,336.8,9,-1.19,109,10.5192,10.5192,131,30,,,,5,,,,
2021-12-17 07:47:48+00:00,-37.76426358,145.0237427,3.00156,336.6,336.6,9,-0.81,109,10.8972,10.8972,131,30,,,,5,,,,
2021-12-17 07:47:52+00:00,-37.76419845,145.0237884,3.01044,336.6,336.6,9,0,110,7.326,7.326,122,30,,,,4,,,,
2021-12-17 07:47:53+00:00,-37.76417172,145.0238037,3.01346,336.6,336.6,9,0,110,7.6536,7.6536,122,30,,,,4,,,,
2021-12-17 07:48:01+00:00,-37.76411061,145.0238341,3.02111,336.6,336.6,9,-0.39,111,0.0216,0.0216,118,30,,,,4,,,,
2021-12-17 08:09:40+00:00,-37.76433164,145.0230719,3.06174,338,338,9,2.64,114,13.5072,13.5072,146,32,,,,5,,,,
2021-12-17 08:09:49+00:00,-37.76437012,145.0227206,3.09971,338.4,338.4,11,1.94,116,9.1548,9.1548,155,32,,,,6,,,,
2021-12-17 08:10:04+00:00,-37.76408035,145.0228577,3.15824,339.6,339.6,13,0.05,120,15.3396,15.3396,163,32,,,,6,,,,
2021-12-17 08:10:23+00:00,-37.76452987,145.0230556,3.23955,339,339,14,-6.13,125,8.7156,8.7156,173,31,,,,6,,,,
2021-12-17 08:10:29+00:00,-37.76438956,145.0231471,3.26416,339.2,339.2,14,-1.19,126,5.1588,5.1588,179,31,,,,7,,,,
2021-12-17 08:10:30+00:00,-37.76444287,145.0231476,3.26997,339.4,339.4,14,-0.48,127,8.4312,8.4312,180,31,,,,6,,,,
2021-12-17 08:10:34+00:00,-37.76446919,145.0231781,3.27723,339.6,339.6,14,5.34,128,9.8028,9.8028,183,31,,,,6,,,,
2021-12-17 08:10:39+00:00,-37.76465007,145.0232682,3.28799,339,339,14,-1.52,129,0.1008,0.1008,185,31,,,,7,,,,
2021-12-17 08:10:41+00:00,-37.76475434,145.023286,3.29532,338.8,338.8,14,0,130,11.052,11.052,186,31,,,,7,,,,
2021-12-17 08:10:57+00:00,-37.76453163,145.0222789,3.42159,338.4,338.4,14,0,135,23.598,23.598,187,31,,,,6,,,,
2021-12-17 08:10:58+00:00,-37.76472232,145.0224108,3.44558,338.2,338.2,14,0,135,21.33,21.33,187,31,,,,6,,,,
2021-12-17 08:11:05+00:00,-37.76461822,145.0223389,3.47834,338,338,14,0,137,23.5548,23.5548,189,31,,,,6,,,,
2021-12-17 08:11:06+00:00,-37.76458846,145.0223094,3.48266,338,338,14,0,138,26.1468,26.1468,189,31,,,,6,,,,
2021-12-17 08:11:27+00:00,-37.76521493,145.0225689,3.65883,337.8,337.8,14,-0.38,144,13.2444,13.2444,191,31,,,,6,,,,
2021-12-17 08:11:37+00:00,-37.76504628,145.0223828,3.74969,337.8,337.8,15,-0.39,148,11.0016,11.0016,193,31,,,,6,,,,
2021-12-17 08:11:41+00:00,-37.7652705,145.0226283,3.78376,338.2,338.2,15,0.09,149,12.0456,12.0456,193,31,,,,6,,,,
2021-12-17 08:11:42+00:00,-37.76522205,145.0226436,3.78941,338.2,338.2,15,0.82,149,12.06,12.06,193,31,,,,6,,,,
2021-12-17 08:11:45+00:00,-37.76503145,145.0226444,3.81062,338.2,338.2,15,2.34,150,16.5384,16.5384,193,31,,,,6,,,,
2021-12-17 08:11:52+00:00,-37.76470137,145.0223116,3.88406,338.8,338.8,16,0.86,153,23.4108,23.4108,194,31,,,,6,,,,
2021-12-17 08:12:01+00:00,-37.7651902,145.0222932,3.96256,338.4,338.4,16,-1.13,155,13.104,13.104,195,31,,,,6,,,,
2021-12-17 08:12:04+00:00,-37.76528542,145.0224757,3.98276,338.2,338.2,16,-0.35,156,15.8652,15.8652,195,31,,,,6,,,,
2021-12-17 08:12:05+00:00,-37.76527804,145.0225207,3.9869,338.2,338.2,16,-0.7,157,14.778,14.778,195,31,,,,6,,,,
2021-12-17 08:12:07+00:00,-37.76523001,145.0225823,3.99597,338,338,16,-0.43,157,11.7216,11.7216,194,31,,,,6,,,,
2021-12-17 08:12:29+00:00,-37.76510001,145.0222172,4.13841,337,337,16,-1.16,165,21.8088,21.8088,184,31,,,,6,,,,
2021-12-17 08:12:36+00:00,-37.76500287,145.0220656,4.16525,336.6,336.6,16,-1.47,167,13.572,13.572,179,30,,,,6,,,,
2021-12-17 08:12:50+00:00,-37.76548633,145.0222618,4.25423,336.2,336.2,16,-1.28,171,7.3404,7.3404,169,30,,,,6,,,,
2021-12-17 08:13:00+00:00,-37.7650918,145.0226599,4.32227,336,336,16,-0.6,173,9.6804,9.6804,167,30,,,,5,,,,
2021-12-17 08:13:11+00:00,-37.76502466,145.0226323,4.36694,335.8,335.8,16,0,176,7.6932,7.6932,160,30,,,,5,,,,
2021-12-17 08:13:15+00:00,-37.76508316,145.0224915,4.38155,335.6,335.6,16,0,177,5.5656,5.5656,157,30,,,,5,,,,
2021-12-17 08:13:18+00:00,-37.76510982,145.0224456,4.38684,335.6,335.6,16,-0.32,178,4.824,4.824,156,30,,,,5,,,,
2021-12-17 08:13:21+00:00,-37.76511745,145.0224456,4.38802,335.6,335.6,16,-1.16,178,3.33,3.33,154,30,,,,5,,,,
2021-12-17 08:13:25+00:00,-37.76510999,145.0224456,4.38804,335.4,335.4,16,0,179,0,0,152,30,,,,5,,,,
2021-12-17 08:16:31+00:00,-37.76425285,145.0235298,4.40651,335.4,335.4,16,0,181,8.2692,8.2692,126,30,,,,5,,,,
2021-12-17 08:16:34+00:00,-37.76419527,145.0234697,4.4145,335.4,335.4,16,0,181,7.5276,7.5276,124,30,,,,5,,,,
2021-12-17 08:16:36+00:00,-37.76416493,145.0234242,4.4198,335.4,335.4,16,0,181,7.488,7.488,124,30,,,,5,,,,
2021-12-17 08:16:40+00:00,-37.76409921,145.0232853,4.43436,335.4,335.4,16,0,182,6.3756,6.3756,125,30,,,,5,,,,
2021-12-17 08:16:42+00:00,-37.7641257,145.023209,4.4418,335.4,335.4,16,0,182,8.3052,8.3052,125,30,,,,5,,,,
2021-12-17 08:16:45+00:00,-37.76416752,145.0231633,4.44786,335.4,335.4,16,0,183,6.966,6.966,125,30,,,,5,,,,
2021-12-17 08:16:47+00:00,-37.76417163,145.0231629,4.44838,335.4,335.4,16,0,183,3.7728,3.7728,125,30,,,,5,,,,
2021-12-17 08:16:51+00:00,-37.76420591,145.0232238,4.45511,335.4,335.4,16,0,184,7.4736,7.4736,125,30,,,,5,,,,
2021-12-17 08:16:53+00:00,-37.76425092,145.0232539,4.46068,335.4,335.4,16,0,184,8.6652,8.6652,123,30,,,,5,,,,
2021-12-17 08:16:58+00:00,-37.76439627,145.0233307,4.48045,335.4,335.4,16,0,185,8.7552,8.7552,119,30,,,,5,,,,
2021-12-17 08:17:03+00:00,-37.76457966,145.0234069,4.50233,335.4,335.4,16,0,186,7.8912,7.8912,122,30,,,,5,,,,
2021-12-17 08:17:10+00:00,-37.76458763,145.0234527,4.52364,335.4,335.4,16,0,187,10.962,10.962,126,30,,,,5,,,,
2021-12-17 08:17:22+00:00,-37.76439669,145.0232547,4.55415,335.6,335.6,16,0,189,10.1376,10.1376,133,30,,,,5,,,,
2021-12-17 08:17:23+00:00,-37.76438143,145.0232392,4.55646,335.6,335.6,16,0,189,10.1556,10.1556,132,30,,,,5,,,,
2021-12-17 08:17:39+00:00,-37.76446533,145.0231627,4.60057,335.4,335.4,16,0,191,9.0324,9.0324,123,30,,,,5,,,,
2021-12-17 08:17:42+00:00,-37.76449576,145.023239,4.6087,335.4,335.4,16,0,192,11.178,11.178,123,30,,,,6,,,,
2021-12-17 08:17:47+00:00,-37.76467488,145.023239,4.62901,335.4,335.4,16,0,193,9.378,9.378,128,30,,,,5,,,,
2021-12-17 08:17:48+00:00,-37.76470908,145.0232542,4.63309,335.4,335.4,16,0,193,8.9676,8.9676,128,30,,,,5,,,,
2021-12-17 08:17:49+00:00,-37.76473221,145.0232696,4.63619,335.4,335.4,16,0,193,7.542,7.542,129,30,,,,5,,,,
2021-12-17 08:18:04+00:00,-37.76451127,145.0233308,4.66246,335.8,335.8,16,1.15,194,9.7848,9.7848,135,30,,,,5,,,,
2021-12-17 08:18:14+00:00,-37.76443097,145.0232086,4.68557,335.8,335.8,16,0,196,7.1712,7.1712,129,30,,,,5,,,,
2021-12-17 08:18:16+00:00,-37.76445008,145.0232391,4.68866,335.8,335.8,16,0,196,8.0964,8.0964,126,30,,,,5,,,,
2021-12-17 08:18:21+00:00,-37.76449584,145.0233764,4.70347,335.8,335.8,16,0,197,9.7848,9.7848,125,30,,,,5,,,,
2021-12-17 08:18:31+00:00,-37.76449962,145.0236204,4.72533,335.8,335.8,16,0,199,5.2488,5.2488,126,30,,,,5,,,,
2021-12-17 08:18:32+00:00,-37.76448838,145.0236206,4.72646,335.8,335.8,16,0,199,5.2812,5.2812,127,30,,,,5,,,,
2021-12-17 08:18:36+00:00,-37.76443876,145.0235903,4.73319,335.8,335.8,16,0,200,7.92,7.92,128,30,,,,5,,,,
2021-12-17 08:18:45+00:00,-37.76433198,145.0233459,4.75843,336,336,16,0,201,10.9404,10.9404,142,30,,,,5,,,,
2021-12-17 08:18:51+00:00,-37.76425176,145.0231781,4.77533,335.8,335.8,16,0,202,6.444,6.444,132,30,,,,5,,,,
2021-12-17 08:18:58+00:00,-37.76430507,145.0231931,4.78374,335.8,335.8,16,0,204,6.4008,6.4008,136,30,,,,5,,,,
2021-12-17 08:19:17+00:00,-37.76435855,145.023407,4.81561,335.4,335.4,16,0,207,7.3116,7.3116,125,30,,,,5,,,,
2021-12-17 08:19:24+00:00,-37.76438143,145.0233155,4.8268,335.4,335.4,16,0,208,6.9228,6.9228,128,30,,,,5,,,,
2021-12-17 08:19:26+00:00,-37.76440037,145.0233002,4.82969,335.2,335.2,16,0,208,4.968,4.968,130,30,,,,5,,,,
2021-12-17 08:19:31+00:00,-37.76445771,145.0232544,4.83711,335.2,335.2,16,0,209,2.196,2.196,123,30,,,,5,,,,
2021-12-17 08:22:20+00:00,-37.76438897,145.0233764,4.83963,335,335,16,0,210,8.7624,8.7624,128,30,,,,5,,,,
2021-12-17 08:22:24+00:00,-37.7644272,145.0234527,4.84814,334.8,334.8,16,0,210,9.1332,9.1332,125,30,,,,5,,,,
2021-12-17 08:22:25+00:00,-37.76443474,145.0234679,4.85008,334.8,334.8,16,0,210,8.6976,8.6976,125,30,,,,5,,,,
2021-12-17 08:22:26+00:00,-37.76444983,145.0234981,4.85237,334.8,334.8,16,0,211,8.7264,8.7264,125,30,,,,5,,,,
2021-12-17 08:22:28+00:00,-37.76447673,145.023529,4.85643,334.8,334.8,16,0,211,8.532,8.532,126,30,,,,5,,,,
2021-12-17 08:22:32+00:00,-37.76448822,145.0236052,4.86434,334.8,334.8,16,0,212,8.172,8.172,132,30,,,,5,,,,
2021-12-17 08:22:34+00:00,-37.76448067,145.023651,4.86841,334.8,334.8,16,0,212,7.002,7.002,133,30,,,,5,,,,
2021-12-17 08:22:36+00:00,-37.76446165,145.0236359,4.87084,334.8,334.8,16,0,212,5.274,5.274,134,30,,,,5,,,,
2021-12-17 08:22:41+00:00,-37.76439291,145.0234837,4.88603,334.8,334.8,16,0,213,11.4624,11.4624,125,30,,,,5,,,,
2021-12-17 08:22:44+00:00,-37.76435109,145.0234071,4.89515,334.8,334.8,16,0,214,11.088,11.088,117,30,,,,5,,,,
2021-12-17 08:22:46+00:00,-37.76433952,145.0233615,4.90005,334.8,334.8,16,0,214,10.1304,10.1304,114,30,,,,5,,,,
2021-12-17 08:22:48+00:00,-37.76432427,145.0232854,4.90616,334.8,334.8,16,0,214,11.4912,11.4912,114,30,,,,5,,,,
2021-12-17 08:22:55+00:00,-37.76429367,145.0230868,4.92446,334.6,334.6,16,0,215,8.8092,8.8092,120,30,,,,5,,,,
2021-12-17 08:22:58+00:00,-37.76430868,145.0230108,4.9322,334.8,334.8,16,0,215,7.3044,7.3044,118,30,,,,5,,,,
2021-12-17 08:23:05+00:00,-37.76443826,145.0229641,4.94897,334.8,334.8,16,0,216,8.154,8.154,118,30,,,,5,,,,
2021-12-17 08:23:16+00:00,-37.7644769,145.0233,4.98088,334.8,334.8,16,0,218,11.7396,11.7396,126,30,,,,5,,,,
2021-12-17 08:23:17+00:00,-37.76447296,145.0233306,4.98314,334.8,334.8,16,0,218,10.386,10.386,125,30,,,,5,,,,
2021-12-17 08:23:31+00:00,-37.76426325,145.0231631,5.01799,334.8,334.8,16,0,220,11.7288,11.7288,121,30,,,,5,,,,
2021-12-17 08:23:42+00:00,-37.76429744,145.022995,5.04166,334.6,334.6,16,0,222,9.2808,9.2808,128,30,,,,5,,,,
2021-12-17 08:23:43+00:00,-37.76431622,145.022995,5.04349,334.6,334.6,16,0,222,7.8048,7.8048,127,30,,,,5,,,,
2021-12-17 08:23:51+00:00,-37.76441932,145.0231321,5.06188,334.6,334.6,16,0,223,8.3052,8.3052,123,30,,,,5,,,,
2021-12-17 08:23:52+00:00,-37.76442334,145.0231626,5.06464,334.6,334.6,16,0,224,8.334,8.334,121,30,,,,5,,,,
2021-12-17 08:23:54+00:00,-37.76444237,145.0232237,5.07015,334.4,334.4,16,0,224,9.2556,9.2556,119,30,,,,5,,,,
2021-12-17 08:24:04+00:00,-37.76446927,145.0234069,5.08826,334.4,334.4,16,0,225,5.5548,5.5548,114,30,,,,5,,,,
2021-12-17 08:24:11+00:00,-37.76440054,145.0233919,5.09683,334.2,334.2,16,0,226,5.8572,5.8572,118,30,,,,5,,,,
2021-12-17 08:24:12+00:00,-37.76438906,145.0233917,5.0984,334.2,334.2,16,0,226,5.7708,5.7708,117,30,,,,5,,,,
2021-12-17 08:24:14+00:00,-37.76437766,145.0233613,5.1011,334.2,334.2,16,0,227,6.0408,6.0408,116,30,,,,5,,,,
2021-12-17 08:24:16+00:00,-37.76437003,145.0233459,5.10272,334.2,334.2,16,0,227,4.1688,4.1688,114,30,,,,5,,,,
2021-12-17 08:24:18+00:00,-37.76434338,145.0233309,5.10547,334.2,334.2,16,0,227,4.77,4.77,113,30,,,,5,,,,
2021-12-17 08:24:21+00:00,-37.76432804,145.0233003,5.10902,334.2,334.2,16,0,227,4.9104,4.9104,118,30,,,,5,,,,
2021-12-17 08:24:28+00:00,-37.76433567,145.0233002,5.11641,334,334,16,0,228,0,0,123,30,,,,4,,,,
2021-12-17 08:24:53+00:00,-37.76426316,145.0231478,5.13359,334.4,334.4,16,0.37,231,6.9768,6.9768,147,30,,,,5,,,,
2021-12-17 08:25:01+00:00,-37.76443474,145.023178,5.15692,334.6,334.6,16,0.67,233,11.2644,11.2644,144,30,,,,5,,,,
2021-12-17 08:25:10+00:00,-37.76446542,145.0235594,5.19144,334.6,334.6,16,0,235,11.8188,11.8188,147,30,,,,5,,,,
2021-12-17 08:25:19+00:00,-37.76429761,145.0232855,5.22708,335.2,335.2,17,1.35,236,19.5408,19.5408,151,30,,,,5,,,,
2021-12-17 08:25:21+00:00,-37.76427842,145.0232088,5.23446,335.4,335.4,17,1.66,237,17.766,17.766,154,30,,,,5,,,,
2021-12-17 08:25:35+00:00,-37.7645033,145.0232231,5.28835,336.2,336.2,18,-0.16,240,17.8416,17.8416,165,30,,,,5,,,,
2021-12-17 08:25:45+00:00,-37.76450138,145.023431,5.33367,336.6,336.6,19,1.53,243,15.912,15.912,159,30,,,,6,,,,
2021-12-17 08:25:47+00:00,-37.76452225,145.0233019,5.34544,336.4,336.4,19,0.88,243,22.6728,22.6728,158,30,,,,7,,,,
2021-12-17 08:25:53+00:00,-37.76449962,145.0229035,5.38732,337.2,337.2,19,0.29,245,32.04,32.04,161,30,,,,7,,,,
2021-12-17 08:26:00+00:00,-37.76453398,145.0225686,5.41906,338.2,338.2,21,2.29,247,18.7704,18.7704,168,30,,,,5,,,,
2021-12-17 08:26:05+00:00,-37.76459492,145.0225372,5.43009,337.2,337.2,21,-1.05,248,11.8476,11.8476,169,30,,,,5,,,,
2021-12-17 08:26:06+00:00,-37.76460632,145.0225824,5.43375,337.2,337.2,21,-1.91,248,9.306,9.306,169,30,,,,5,,,,
2021-12-17 08:26:10+00:00,-37.76455301,145.0228424,5.45601,338.2,338.2,21,-0.72,249,0.0036,0.0036,171,30,,,,5,,,,
2021-12-17 08:26:12+00:00,-37.76456826,145.0229032,5.45601,338.4,338.4,21,0,250,0,0,172,30,,,,5,,,,
2021-12-17 08:26:13+00:00,-37.76456449,145.0229186,5.45601,338.6,338.6,21,0,250,0,0,172,30,,,,5,,,,
2021-12-17 08:26:51+00:00,-37.76448042,145.0225207,5.55757,335,335,21,-0.05,261,6.012,6.012,192,30,,,,5,,,,
2021-12-17 08:26:55+00:00,-37.7645225,145.0229947,5.59963,335,335,21,-0.42,262,18.5976,18.5976,192,30,,,,5,,,,
2021-12-17 08:26:59+00:00,-37.76450347,145.0232542,5.62367,335,335,21,0,263,16.8588,16.8588,192,30,,,,5,,,,
2021-12-17 08:27:01+00:00,-37.76452233,145.023376,5.63442,334.8,334.8,21,0,264,18.234,18.234,193,30,,,,5,,,,
2021-12-17 08:27:02+00:00,-37.76451881,145.0234218,5.63842,334.8,334.8,21,0,264,18.5364,18.5364,193,30,,,,5,,,,
2021-12-17 08:27:12+00:00,-37.76459106,145.0235284,5.67502,335,335,21,0,268,21.7008,21.7008,193,30,,,,5,,,,
2021-12-17 08:27:22+00:00,-37.76442401,145.0232412,5.73069,335,335,21,-0.35,271,17.1108,17.1108,195,30,,,,5,,,,
2021-12-17 08:27:23+00:00,-37.76439694,145.0231486,5.73954,335,335,21,-0.96,271,18.2808,18.2808,195,30,,,,5,,,,
2021-12-17 08:27:32+00:00,-37.76443826,145.0231767,5.79525,335,335,21,-0.38,274,15.8904,15.8904,196,30,,,,5,,,,
2021-12-17 08:27:44+00:00,-37.76428998,145.0233767,5.84275,334.8,334.8,21,0,278,2.9484,2.9484,197,30,,,,6,,,,
2021-12-17 08:27:47+00:00,-37.76430449,145.0232416,5.8566,334.8,334.8,21,0,279,6.1812,6.1812,197,30,,,,6,,,,
2021-12-17 08:27:50+00:00,-37.76435838,145.0230868,5.8715,334.8,334.8,21,0,280,2.988,2.988,198,30,,,,5,,,,
2021-12-17 08:28:03+00:00,-37.76430516,145.0232394,5.93081,334.8,334.8,21,0,285,14.0076,14.0076,198,30,,,,5,,,,
2021-12-17 08:28:07+00:00,-37.76431656,145.0229499,5.95545,334.8,334.8,21,0,286,17.8812,17.8812,198,30,,,,5,,,,
2021-12-17 08:28:11+00:00,-37.76433533,145.022782,5.97108,334.8,334.8,21,0,287,13.3524,13.3524,199,30,,,,5,,,,
2021-12-17 08:28:14+00:00,-37.76437682,145.0228088,5.98011,334.6,334.6,21,0,288,6.7644,6.7644,199,30,,,,5,,,,
2021-12-17 08:28:44+00:00,-37.76435469,145.0225527,6.15285,335,335,22,0,299,24.4152,24.4152,199,30,,,,6,,,,
2021-12-17 08:28:48+00:00,-37.76438881,145.0224917,6.15942,335.2,335.2,22,1.08,300,16.3764,16.3764,199,30,,,,6,,,,
2021-12-17 08:28:55+00:00,-37.76448805,145.0231154,6.21631,334.8,334.8,22,-1.59,303,23.3316,23.3316,198,30,,,,6,,,,
2021-12-17 08:29:00+00:00,-37.76449568,145.0234971,6.24943,334.6,334.6,22,-0.17,304,20.0592,20.0592,194,30,,,,5,,,,
2021-12-17 08:29:01+00:00,-37.76450733,145.0235445,6.25445,334.6,334.6,22,-0.54,305,19.2456,19.2456,193,29,,,,6,,,,
2021-12-17 08:29:11+00:00,-37.76446911,145.0233155,6.28721,334.6,334.6,22,0,308,9.3996,9.3996,185,29,,,,5,,,,
2021-12-17 08:29:13+00:00,-37.76447288,145.0232849,6.29093,334.6,334.6,22,0,308,10.9404,10.9404,185,29,,,,5,,,,
2021-12-17 08:29:15+00:00,-37.76451102,145.0233002,6.29543,334.4,334.4,22,0,309,13.8456,13.8456,184,29,,,,5,,,,
2021-12-17 08:29:21+00:00,-37.76454161,145.0235289,6.31577,333.8,333.8,22,-1.59,311,19.1484,19.1484,181,29,,,,5,,,,
2021-12-17 08:29:22+00:00,-37.76453021,145.0235746,6.32058,333.8,333.8,22,-1.5,311,18.7956,18.7956,180,29,,,,5,,,,
2021-12-17 08:29:38+00:00,-37.76436224,145.0230869,6.39571,333.2,333.2,22,-0.96,316,9.9468,9.9468,162,29,,,,4,,,,
2021-12-17 08:29:40+00:00,-37.76439275,145.0230409,6.40102,333.2,333.2,22,-1.01,316,7.9236,7.9236,159,29,,,,5,,,,
2021-12-17 08:29:42+00:00,-37.76443088,145.0230103,6.40553,333.2,333.2,22,-1.1,316,6.9696,6.9696,159,29,,,,5,,,,
2021-12-17 08:29:47+00:00,-37.76448034,145.0230853,6.41565,333,333,22,-0.86,318,9.6156,9.6156,161,29,,,,4,,,,
2021-12-17 08:30:02+00:00,-37.76440817,145.023285,6.44963,332.8,332.8,22,0,321,7.4484,7.4484,148,29,,,,5,,,,
2021-12-17 08:30:31+00:00,-37.76453021,145.0231931,6.50905,332.6,332.6,22,0,327,8.676,8.676,134,29,,,,4,,,,
2021-12-17 08:30:39+00:00,None,None,6.50905,332.6,332.6,22,0,328,None,None,136,29,,,,None,,,,
2021-12-17 08:31:02+00:00,None,None,6.50905,332.4,332.4,22,0,332,None,None,122,29,,,,None,,,,
2021-12-17 08:31:11+00:00,None,None,6.50905,332.2,332.2,22,0,334,None,None,121,29,,,,None,,,,
2021-12-17 08:31:16+00:00,None,None,6.50905,332.4,332.4,22,0,334,None,None,122,29,,,,None,,,,
2021-12-17 08:31:17+00:00,None,None,6.50905,332.4,332.4,22,0,334,None,None,123,29,,,,None,,,,
2021-12-17 08:31:21+00:00,None,None,6.50905,332.2,332.2,22,0,335,None,None,127,29,,,,None,,,,
2021-12-17 08:31:24+00:00,None,None,6.50905,332.2,332.2,22,0,336,None,None,129,29,,,,None,,,,
2021-12-17 08:31:27+00:00,None,None,6.50905,332.2,332.2,22,0,336,None,None,129,29,,,,None,,,,
2021-12-17 08:31:31+00:00,None,None,6.50905,332.2,332.2,22,0,337,None,None,124,29,,,,None,,,,
2021-12-17 08:31:35+00:00,None,None,6.50905,332.2,332.2,22,0,337,None,None,122,29,,,,None,,,,
2021-12-17 08:31:45+00:00,None,None,6.50905,332,332,22,0,339,None,None,120,29,,,,None,,,,
2021-12-17 08:31:55+00:00,None,None,6.50905,332,332,22,0,340,None,None,120,29,,,,None,,,,
2021-12-17 08:32:00+00:00,None,None,6.50905,331.8,331.8,22,0,341,None,None,120,29,,,,None,,,,
2021-12-17 08:32:17+00:00,None,None,6.50905,331.6,331.6,22,0,344,None,None,133,29,,,,None,,,,
2021-12-17 08:32:20+00:00,None,None,6.50905,331.6,331.6,22,0,344,None,None,132,29,,,,None,,,,
2021-12-17 08:32:27+00:00,None,None,6.50905,331.6,331.6,22,0,345,None,None,132,29,,,,None,,,,
2021-12-17 08:32:30+00:00,None,None,6.50905,331.6,331.6,22,0,346,None,None,129,29,,,,None,,,,
2021-12-17 08:32:47+00:00,None,None,6.50905,331.4,331.4,22,0,347,None,None,None,29,,,,None,,,,
2021-12-17 08:44:20+00:00,-37.76436098,145.0229961,6.51791,331.4,331.4,22,0,356,9.3996,9.3996,144,30,,,,5,,,,
2021-12-17 08:44:28+00:00,-37.76452987,145.0234357,6.56136,332.4,332.4,23,2.24,357,23.0904,23.0904,151,30,,,,5,,,,
2021-12-17 08:44:42+00:00,-37.76459081,145.0237729,6.59679,334.2,334.2,24,0,361,7.5996,7.5996,191,30,,,,5,,,,
2021-12-17 08:44:52+00:00,-37.76462182,145.024048,6.62533,334.6,334.6,25,0.61,365,13.2444,13.2444,193,30,,,,5,,,,
2021-12-17 08:44:55+00:00,-37.76462191,145.0239721,6.63224,334.2,334.2,25,0,366,4.1508,4.1508,193,30,,,,5,,,,
2021-12-17 08:45:03+00:00,-37.76465979,145.0236665,6.66274,334.2,334.2,25,0.04,368,10.6596,10.6596,189,30,,,,5,,,,
2021-12-17 08:45:05+00:00,-37.76470179,145.0236665,6.66762,334,334,25,0,369,15.3504,15.3504,188,30,,,,6,,,,
2021-12-17 08:45:07+00:00,-37.7647779,145.0236664,6.67621,333.4,333.4,25,-1.28,369,19.7892,19.7892,187,30,,,,6,,,,
2021-12-17 08:45:14+00:00,-37.76477077,145.0238951,6.704,332.6,332.6,25,-2.7,372,14.3064,14.3064,183,30,,,,6,,,,
2021-12-17 08:45:15+00:00,-37.76474026,145.0238953,6.70732,332.4,332.4,25,-2.23,372,10.764,10.764,182,30,,,,6,,,,
2021-12-17 08:45:21+00:00,-37.76460296,145.0235906,6.72993,332.2,332.2,25,0,374,13.4064,13.4064,178,30,,,,6,,,,
2021-12-17 08:45:23+00:00,-37.76456072,145.0234683,6.74184,332,332,25,0,374,17.2728,17.2728,177,30,,,,6,,,,
2021-12-17 08:45:30+00:00,-37.76437397,145.0232391,6.7756,332.4,332.4,25,0.72,376,9.126,9.126,179,30,,,,6,,,,
2021-12-17 08:45:32+00:00,-37.76434338,145.0233143,6.78393,332.4,332.4,26,1.23,377,8.406,8.406,180,30,,,,6,,,,
2021-12-17 08:45:35+00:00,-37.76438101,145.0235717,6.80799,332.6,332.6,26,1.24,378,16.0128,16.0128,182,30,,,,6,,,,
2021-12-17 08:45:42+00:00,-37.76416065,145.0238341,6.8434,332.6,332.6,26,0.6,380,10.458,10.458,187,30,,,,7,,,,
2021-12-17 08:45:51+00:00,-37.76411413,145.0236205,6.8939,332.8,332.8,26,0,383,9.2736,9.2736,192,30,,,,7,,,,
2021-12-17 08:45:53+00:00,-37.76415998,145.0236813,6.90142,332.6,332.6,26,0,383,14.8464,14.8464,193,30,,,,7,,,,
2021-12-17 08:45:54+00:00,-37.76418672,145.0237271,6.90683,332.6,332.6,26,0,384,17.3448,17.3448,193,30,,,,7,,,,
2021-12-17 08:45:57+00:00,-37.76423642,145.0238338,6.9182,333,333,26,0,385,13.8708,13.8708,193,30,,,,7,,,,
2021-12-17 08:46:06+00:00,-37.76415386,145.0236392,6.9519,332.2,332.2,26,-2.53,388,15.7428,15.7428,190,30,,,,7,,,,
2021-12-17 08:46:07+00:00,-37.76412687,145.0235773,6.95833,332.2,332.2,26,-2.56,388,16.1928,16.1928,189,30,,,,7,,,,
2021-12-17 08:46:08+00:00,-37.76412578,145.0235302,6.96232,332.2,332.2,26,-2.29,388,15.4692,15.4692,189,30,,,,7,,,,
2021-12-17 08:46:12+00:00,-37.76412922,145.023498,6.97035,332,332,26,-0.91,389,11.9736,11.9736,186,30,,,,7,,,,
2021-12-17 08:46:15+00:00,-37.76414883,145.0236488,6.98428,332,332,26,-1.03,390,20.0664,20.0664,185,30,,,,7,,,,
2021-12-17 08:46:25+00:00,-37.76389402,145.023896,7.03741,331.8,331.8,26,-0.01,393,15.4584,15.4584,180,30,,,,7,,,,
2021-12-17 08:46:35+00:00,-37.76340921,145.0237118,7.0959,333,333,27,2.05,396,14.5548,14.5548,184,30,,,,8,,,,
2021-12-17 08:46:36+00:00,-37.76339354,145.0237272,7.09823,333,333,27,1.92,397,13.4172,13.4172,185,30,,,,8,,,,
2021-12-17 08:46:51+00:00,-37.76407993,145.02382,7.18544,332.8,332.8,27,0,401,22.95,22.95,195,30,,,,8,,,,
2021-12-17 08:46:54+00:00,-37.7640915,145.0237428,7.19326,332.8,332.8,27,0,402,22.2336,22.2336,196,30,,,,7,,,,
2021-12-17 08:47:25+00:00,-37.763473,145.02403,7.34339,332,332,28,1.1,413,20.1996,20.1996,187,30,,,,7,,,,
2021-12-17 08:47:31+00:00,-37.76347719,145.0243372,7.37248,333.4,333.4,28,2.68,414,9.7236,9.7236,187,30,,,,7,,,,
2021-12-17 08:47:33+00:00,-37.76347049,145.0243386,7.37528,333.6,333.6,29,3.52,415,4.1688,4.1688,188,30,,,,7,,,,
2021-12-17 08:47:46+00:00,-37.76354148,145.0236214,7.44965,332.8,332.8,29,-0.6,419,9.7416,9.7416,197,30,,,,8,,,,
2021-12-17 08:47:57+00:00,-37.76382797,145.0230263,7.51633,332.6,332.6,29,0,423,28.566,28.566,199,30,,,,7,,,,
2021-12-17 08:48:00+00:00,-37.76391012,145.0228351,7.53569,332.6,332.6,29,0,424,22.6944,22.6944,199,30,,,,7,,,,
2021-12-17 08:48:03+00:00,-37.7640107,145.022736,7.55055,332.4,332.4,29,0,425,14.1588,14.1588,197,30,,,,7,,,,
2021-12-17 08:48:09+00:00,-37.76460598,145.0227051,7.61699,332.2,332.2,29,-1.05,427,16.2216,16.2216,194,30,,,,8,,,,
2021-12-17 08:48:11+00:00,-37.76439308,145.0229184,7.64726,332.2,332.2,29,-0.76,428,2.232,2.232,193,30,,,,8,,,,
2021-12-17 08:48:13+00:00,-37.76435075,145.0230099,7.65862,332.2,332.2,29,0,428,3.6612,3.6612,193,30,,,,8,,,,
2021-12-17 08:48:15+00:00,-37.76435478,145.0229951,7.66257,332.2,332.2,29,0,429,7.4016,7.4016,192,30,,,,8,,,,
2021-12-17 08:48:24+00:00,-37.76441948,145.0225526,7.70486,331.8,331.8,29,0,432,16.8732,16.8732,188,30,,,,7,,,,
2021-12-17 08:48:35+00:00,-37.76464839,145.0226741,7.73961,332.4,332.4,30,2.17,435,4.1004,4.1004,193,30,,,,8,,,,
2021-12-17 08:48:46+00:00,-37.76492869,145.0224927,7.8001,330.8,330.8,30,-4.65,439,15.3756,15.3756,201,30,,,,8,,,,
2021-12-17 08:48:47+00:00,-37.76502566,145.0224459,7.81152,330.6,330.6,30,-4.33,439,19.6668,19.6668,201,30,,,,8,,,,
2021-12-17 08:48:51+00:00,-37.76554417,145.0225215,7.8703,330,330,30,-2.81,441,31.6368,31.6368,202,30,,,,8,,,,
2021-12-17 08:48:55+00:00,-37.76573092,145.0227194,7.89788,329.4,329.4,30,-1.68,442,23.1048,23.1048,203,30,,,,8,,,,
2021-12-17 08:49:01+00:00,-37.76569705,145.0226202,7.9241,328.2,328.2,30,-2.54,444,17.5428,17.5428,201,29,,,,8,,,,
2021-12-17 08:49:02+00:00,-37.76563712,145.0224175,7.94382,328,328,30,-2.83,445,18.8712,18.8712,200,29,,,,8,,,,
2021-12-17 08:49:18+00:00,-37.76546119,145.0223082,8.04658,325.2,325.2,30,-7.96,450,11.6136,11.6136,189,29,,,,8,,,,
2021-12-17 08:49:19+00:00,-37.76541291,145.0223231,8.052,325,325,30,-8.18,450,12.8052,12.8052,189,29,,,,8,,,,
2021-12-17 08:49:20+00:00,-37.76538114,145.0223236,8.05567,324.8,324.8,30,-7.53,451,13.1184,13.1184,188,29,,,,8,,,,
2021-12-17 08:49:23+00:00,-37.7653047,145.0222323,8.06774,324.2,324.2,30,-4.69,452,16.4052,16.4052,187,29,,,,8,,,,
2021-12-17 08:49:29+00:00,-37.76518341,145.0221706,8.08938,323,323,30,-4.58,453,12.6828,12.6828,184,29,,,,8,,,,
2021-12-17 08:49:44+00:00,-37.76522448,145.02243,8.14087,319.8,319.8,30,-7.54,458,9.9684,9.9684,170,29,,,,7,,,,
2021-12-17 08:50:24+00:00,-37.76456843,145.0228578,8.25792,312.4,312.4,30,-11.11,467,4.5972,4.5972,145,29,,,,7,,,,
2021-12-17 08:50:27+00:00,-37.76458352,145.0228577,8.26009,312,312,30,-11.49,468,4.2588,4.2588,146,29,,,,7,,,,
2021-12-17 08:50:28+00:00,-37.764595,145.0228729,8.26147,311.8,311.8,30,-11.76,468,4.896,4.896,146,29,,,,7,,,,
2021-12-17 08:50:35+00:00,-37.76459525,145.0229032,8.26913,310.8,310.8,30,-8.68,470,3.672,3.672,142,29,,,,7,,,,
2021-12-17 08:50:37+00:00,-37.76458746,145.0229035,8.27058,310.4,310.4,30,-9.58,470,2.7684,2.7684,139,29,,,,7,,,,
2021-12-17 09:03:35+00:00,-37.76447279,145.0230407,8.27845,308.2,308.2,30,0,472,13.6512,13.6512,,30,,,,5,,,,
2021-12-17 09:03:41+00:00,-37.76450356,145.0234372,8.3144,308.2,308.2,30,0,473,21.852,21.852,172,30,,,,5,,,,
2021-12-17 09:03:49+00:00,-37.76437397,145.0236511,8.33959,307.8,307.8,30,0,474,11.916,11.916,None,30,,,,6,,,,
2021-12-17 09:03:55+00:00,-37.76436919,145.0236518,8.36502,306.8,306.8,30,0,474,12.8088,12.8088,None,30,,,,7,,,,
2021-12-17 09:04:08+00:00,-37.76428982,145.0237882,8.44623,303.2,303.2,30,-3.61,474,15.2892,15.2892,None,30,,,,7,,,,
2021-12-17 09:04:11+00:00,-37.76425981,145.0238187,8.45497,302.4,302.4,30,-5.41,474,12.7332,12.7332,None,30,,,,7,,,,
2021-12-17 09:04:18+00:00,-37.76427054,145.0237274,8.49241,300.8,300.8,30,-5.03,474,20.4732,20.4732,None,30,,,,6,,,,
2021-12-17 09:04:19+00:00,-37.76428588,145.0236971,8.49545,300.6,300.6,30,-5,474,22.6512,22.6512,None,30,,,,6,,,,
2021-12-17 09:04:25+00:00,-37.76427079,145.0238182,8.52794,299.6,299.6,30,-3.01,474,19.6524,19.6524,None,30,,,,6,,,,
2021-12-17 09:04:28+00:00,-37.7642785,145.0240019,8.54546,299.2,299.2,30,-2.08,474,13.9716,13.9716,None,30,,,,6,,,,
2021-12-17 09:04:38+00:00,-37.7635543,145.0236363,8.63502,298.4,298.4,30,-0.7,474,22.7664,22.7664,None,30,,,,6,,,,
2021-12-17 09:04:39+00:00,-37.76347786,145.0235904,8.64506,298.4,298.4,30,0,474,24.048,24.048,None,30,,,,6,,,,
2021-12-17 09:04:53+00:00,-37.76417222,145.0230858,8.78766,297.2,297.2,30,-1.88,474,8.7552,8.7552,187,30,,,,7,,,,
2021-12-17 09:04:59+00:00,-37.76401137,145.0233307,8.83053,296.8,296.8,30,-2.51,476,9.1476,9.1476,190,30,,,,7,,,,
2021-12-17 09:05:07+00:00,-37.76442728,145.0234826,8.90307,296,296,30,-2.25,479,29.6568,29.6568,190,30,,,,6,,,,
2021-12-17 09:05:12+00:00,-37.76438562,145.0236509,8.91908,295.6,295.6,30,-1.54,480,14.6808,14.6808,188,30,,,,6,,,,
2021-12-17 09:05:17+00:00,-37.76413416,145.0236057,8.94853,295.2,295.2,30,-1.81,482,14.4,14.4,187,29,,,,6,,,,
2021-12-17 09:05:32+00:00,-37.76426291,145.0230404,9.0989,294.8,294.8,30,-0.34,486,13.3884,13.3884,182,29,,,,6,,,,
2021-12-17 09:05:39+00:00,-37.76406535,145.0231019,9.12991,295.4,295.4,30,1.93,488,16.7004,16.7004,184,29,,,,6,,,,
2021-12-17 09:05:40+00:00,-37.76400466,145.0230868,9.13673,295.4,295.4,31,1.86,489,17.8344,17.8344,185,29,,,,6,,,,
2021-12-17 09:05:42+00:00,-37.76382135,145.0230409,9.15731,295.6,295.6,31,1.34,489,22.9932,22.9932,186,29,,,,7,,,,
2021-12-17 09:05:54+00:00,-37.76373636,145.0232081,9.25381,295.8,295.8,31,0,493,28.0836,28.0836,193,29,,,,6,,,,
2021-12-17 09:05:58+00:00,-37.76387013,145.0236201,9.29392,295.6,295.6,31,0,495,22.4928,22.4928,194,29,,,,6,,,,
2021-12-17 09:06:01+00:00,-37.76385505,145.0238035,9.31072,296,296,31,0,496,20.5884,20.5884,195,29,,,,6,,,,
2021-12-17 09:06:04+00:00,-37.76374089,145.0238798,9.32511,296.2,296.2,31,0,497,19.8828,19.8828,195,29,,,,7,,,,
2021-12-17 09:06:07+00:00,-37.76377475,145.0240018,9.33658,296.2,296.2,31,0,497,18.2376,18.2376,195,29,,,,7,,,,
2021-12-17 09:06:09+00:00,-37.76372932,145.0241389,9.35053,295.8,295.8,31,0,498,25.1964,25.1964,194,29,,,,7,,,,
2021-12-17 09:06:13+00:00,-37.76398958,145.0238678,9.43525,295.4,295.4,31,0,499,27.2448,27.2448,193,29,,,,6,,,,
2021-12-17 09:06:20+00:00,-37.76413333,145.0238189,9.45298,295.2,295.2,31,0,502,10.764,10.764,189,29,,,,6,,,,
2021-12-17 09:06:22+00:00,-37.7640993,145.0237734,9.45862,295.2,295.2,31,0,502,8.1216,8.1216,188,29,,,,6,,,,
2021-12-17 09:06:26+00:00,-37.76400768,145.0236366,9.47494,295,295,31,-1.03,504,6.7788,6.7788,187,29,,,,6,,,,
2021-12-17 09:06:30+00:00,-37.76379051,145.0234536,9.50526,295,295,31,0,505,7.0272,7.0272,186,29,,,,6,,,,
2021-12-17 09:06:35+00:00,-37.76406434,145.023102,9.56339,295.4,295.4,31,0.73,506,2.5092,2.5092,184,29,,,,6,,,,
2021-12-17 09:06:59+00:00,-37.76353519,145.0239406,9.75862,295.8,295.8,32,0,512,30.6684,30.6684,None,29,,,,7,,,,
2021-12-17 09:07:02+00:00,-37.76381641,145.0238192,9.79164,295.8,295.8,32,0,512,22.0284,22.0284,None,29,,,,7,,,,
2021-12-17 09:07:08+00:00,-37.76368758,145.0236817,9.82204,295.6,295.6,32,0,512,23.3172,23.3172,None,29,,,,7,,,,
2021-12-17 09:07:09+00:00,-37.76360795,145.0236816,9.83107,295.4,295.4,32,0,512,25.3152,25.3152,None,29,,,,7,,,,
2021-12-17 09:07:12+00:00,-37.76345079,145.0236816,9.84856,295.4,295.4,32,0,512,20.4876,20.4876,None,29,,,,7,,,,
2021-12-17 09:07:16+00:00,-37.76342791,145.0237425,9.86118,295.4,295.4,32,0,520,12.168,12.168,194,29,,,,7,,,,
2021-12-17 09:07:22+00:00,-37.76330578,145.0239254,9.89166,295.2,295.2,32,0,522,23.814,23.814,193,29,,,,7,,,,
2021-12-17 09:07:33+00:00,-37.76279893,145.0240328,9.95954,295.2,295.2,32,0,525,17.802,17.802,191,29,,,,7,,,,
2021-12-17 09:07:41+00:00,-37.76234454,145.023712,10.02499,296.2,296.2,33,2.81,528,25.6212,25.6212,194,29,,,,7,,,,
2021-12-17 09:07:47+00:00,-37.76223022,145.0243063,10.08191,296.2,296.2,33,0,530,30.1644,30.1644,198,29,,,,8,,,,
2021-12-17 09:07:55+00:00,-37.7618563,145.0245516,10.13801,296.8,296.8,33,0,533,21.366,21.366,202,29,,,,8,,,,
2021-12-17 09:07:56+00:00,-37.7618485,145.0245514,10.13942,296.8,296.8,33,0,533,16.416,16.416,203,29,,,,8,,,,
2021-12-17 09:07:58+00:00,-37.76174264,145.0246119,10.15253,296.6,296.6,33,0,534,20.502,20.502,204,29,,,,8,,,,
2021-12-17 09:08:00+00:00,-37.76159663,145.0247176,10.17176,296.8,296.8,33,0,534,28.3716,28.3716,204,29,,,,8,,,,
2021-12-17 09:08:01+00:00,-37.76151767,145.0247794,10.18163,296.6,296.6,33,0,535,30.8808,30.8808,204,29,,,,8,,,,
2021-12-17 09:08:03+00:00,-37.76151306,145.0249323,10.19692,296.6,296.6,33,0,535,33.2712,33.2712,204,29,,,,8,,,,
