,attitude.roll,attitude.pitch,attitude.yaw,gravity.x,gravity.y,gravity.z,rotationRate.x,rotationRate.y,rotationRate.z,userAcceleration.x,userAcceleration.y,userAcceleration.z
0,-2.650087,-1.120021,-2.636362,-0.20561300000000002,0.9001100000000001,0.38409099999999996,3.766168,-1.1343590000000001,2.8265119999999997,0.127946,-1.157022,-0.008282
1,-2.687763,-1.2318040000000001,-2.6653580000000003,-0.145788,0.94309,0.298875,5.28201,0.007763,3.07385,0.221624,-1.315145,0.20568699999999998
2,-2.6776009999999997,-1.358935,-2.6912119999999997,-0.094105,0.977641,0.188048,5.472937,2.9500349999999997,3.179304,0.181538,-1.220683,0.23039400000000002
3,-2.776467,-1.470453,-2.871066,-0.035769,0.99497,0.093571,3.727243,3.855375,3.6626730000000003,-0.177869,-0.095068,-0.734684
4,2.632279,-1.5166600000000001,2.517446,0.026382,0.9985350000000001,0.047242,1.649285,-1.1102969999999999,2.640779,-0.5032810000000001,1.205048,-0.9360200000000001
5,1.9109470000000002,-1.508242,1.8534950000000001,0.058933000000000006,0.998044,0.020857,1.1332959999999999,-3.5428370000000005,0.8221780000000001,-0.312152,1.235965,0.510256
6,1.4157959999999998,-1.5168780000000002,1.409462,0.053247,0.998547,-0.008320000000000001,1.361579,-1.642913,-0.8397469999999999,-0.712839,-0.123852,1.124851
7,0.8704459999999999,-1.523181,0.86865,0.036393,0.9988670000000001,-0.030675,0.9466610000000001,0.313286,-0.568483,-0.744416,-0.944484,0.593496
8,0.7881560000000001,-1.508371,0.7914329999999999,0.044233999999999996,0.998052,-0.043991,0.44183999999999996,-1.0260040000000001,0.990373,0.030244,-1.2039540000000002,-0.310456
9,0.8085180000000001,-1.478612,0.86265,0.066579,0.9957540000000001,-0.06357,1.2335260000000001,-3.3055879999999997,1.076804,0.526698,-0.8444940000000001,0.573717
10,0.6363449999999999,-1.45862,0.743654,0.066522,0.993715,-0.090031,0.812122,-1.799854,-0.27937,0.599677,0.300139,-0.457531
11,0.480824,-1.463266,0.5698989999999999,0.049638,0.994224,-0.095154,0.211088,2.8783090000000002,-1.223188,-0.180345,2.079018,0.537979
12,0.334554,-1.467433,0.348004,0.033879,0.994663,-0.097459,0.316704,2.24071,-0.907576,-0.818806,1.146542,-0.175597
13,0.303739,-1.466346,0.310028,0.031183,0.99455,-0.099489,-0.10235599999999999,0.350954,0.242393,-0.5793550000000001,-0.157727,0.060624000000000004
14,0.396803,-1.465264,0.393306,0.040708999999999995,0.9944370000000001,-0.097152,-0.078665,0.44655900000000004,0.28943800000000003,-1.489333,0.105768,0.27122399999999997
15,0.261331,-1.489937,0.223336,0.020869,0.996733,-0.078029,-1.6910889999999998,2.4476400000000003,-2.162072,-1.8482459999999998,0.464739,1.201426
16,-0.894229,-1.534363,-0.9341959999999999,-0.028401999999999997,0.9993360000000001,-0.022807,-2.982774,-2.370964,-2.5494790000000003,-0.339625,0.387352,0.81013
17,-2.146922,-1.466029,-2.1203529999999997,-0.08769600000000001,0.994517,0.056971,-4.684887000000001,-2.8737630000000003,-3.206999,0.034855000000000004,0.483526,0.525457
18,-2.449534,-1.354184,-2.394523,-0.137147,0.9766309999999999,0.165476,-5.234786,-0.725329,-2.142166,0.906724,0.402702,-0.086543
19,-2.5649189999999997,-1.26014,-2.5032799999999997,-0.16667,0.952133,0.256248,-4.311064,-0.680756,-1.569613,1.418013,-0.49086,-1.1249770000000001
20,-2.605584,-1.1728809999999998,-2.544874,-0.197898,0.9218709999999999,0.333152,-3.97581,0.904803,-1.700695,0.697639,-1.204891,0.8808520000000001
21,-2.563708,-1.098034,-2.55219,-0.24873499999999998,0.8903139999999999,0.38140799999999997,-2.719967,2.9917529999999997,-2.008654,-0.369856,-0.407389,-0.193404
22,-2.4580040000000003,-1.038119,-2.5342849999999997,-0.320742,0.86145,0.393735,-1.994118,5.710895,-1.9782259999999998,-0.08741499999999999,0.609192,-1.01515
23,-2.374124,-1.001008,-2.538034,-0.374551,0.842015,0.388229,-0.904632,2.232663,-0.500559,-0.39968000000000004,1.3578290000000002,-0.580993
24,-2.376509,-1.000874,-2.54887,-0.373702,0.841943,0.389202,-0.040094,0.049974,0.331876,-0.11938599999999999,0.598151,-0.750286
25,-2.3945220000000003,-1.0130290000000002,-2.559173,-0.359651,0.8484389999999999,0.388333,0.567549,-0.911061,0.9088510000000001,-0.015303,-0.514698,-0.721677
26,-2.433733,-1.0528520000000001,-2.572969,-0.321915,0.8688389999999999,0.376151,1.6398599999999999,-1.508105,1.965032,0.006058,-1.028858,-0.394416
27,-2.4785880000000002,-1.118845,-2.587655,-0.26879699999999995,0.899597,0.34420100000000003,2.82322,-1.587058,2.56733,0.033705,-1.521743,0.041557
28,-2.512459,-1.213418,-2.5969990000000003,-0.20584899999999998,0.936817,0.282842,4.0974010000000005,-1.08181,3.249631,-0.105262,-1.724277,0.470042
29,-2.551263,-1.326862,-2.634473,-0.13444,0.9703950000000001,0.200646,4.238509,0.6034470000000001,3.9278459999999997,-0.02561,-1.060865,0.160102
30,-2.6857029999999997,-1.428135,-2.804092,-0.062595,0.989841,0.127657,3.173812,1.911577,3.7926830000000002,-0.321789,-0.095752,-0.365557
31,-3.030427,-1.491306,3.118106,-0.008809,0.996842,0.078917,1.821865,-0.259914,1.8856549999999999,-0.559565,0.9865709999999999,-0.6596810000000001
32,-3.0800099999999997,-1.5029629999999998,3.066358,-0.0041719999999999995,0.9977,0.06765299999999999,-0.050195,1.2209940000000001,-0.5274770000000001,-0.989542,1.156703,1.6308790000000002
33,-2.839861,-1.516177,-2.989017,-0.016224000000000002,0.998509,0.052127,1.648498,-1.413642,-0.349866,-0.547238,0.604168,0.045864999999999996
34,-2.276709,-1.557507,-2.307092,-0.010112999999999999,0.9999120000000001,0.008621,2.054997,-8.067336,0.357981,0.219021,0.361218,-0.480804
35,-1.0342799999999999,-1.5566870000000002,-0.944134,-0.012125,0.9999,-0.0072109999999999995,0.072626,-2.4551220000000002,-0.671459,-1.126562,1.407677,1.118981
36,-1.475831,-1.523609,-1.469543,-0.046958,0.9988870000000001,-0.0044729999999999995,-0.133489,6.376762,-2.00988,-0.745598,0.592513,0.616854
37,-1.5795190000000001,-1.4970299999999999,-1.611572,-0.073697,0.9972799999999999,0.000643,-0.596935,-0.7312609999999999,-0.950742,0.21551199999999998,0.282505,0.118986
38,-1.75633,-1.482653,-1.7863939999999998,-0.086518,0.9961180000000001,0.016239,-0.815995,0.289548,-0.563679,0.140656,-0.14463199999999998,0.651867
39,-1.876167,-1.4693200000000002,-1.9079689999999998,-0.096616,0.994856,0.030456,-0.788146,0.382917,-0.49417,-0.305041,0.026964,0.29007
40,-2.064721,-1.455107,-2.1254720000000002,-0.101636,0.993315,0.054725,-1.7351869999999998,1.67956,0.009231999999999999,-0.570498,0.276277,0.5770350000000001
41,-2.3200119999999997,-1.4324459999999999,-2.393929,-0.10098,0.990445,0.093925,-2.2079009999999997,-0.32754,-0.083365,-0.7997310000000001,0.160114,0.524849
42,-2.479273,-1.377576,-2.549399,-0.11808199999999999,0.981391,0.151421,-3.3158819999999998,0.152396,-1.392814,-0.651083,0.022897,0.377632
43,-2.518376,-1.294936,-2.599555,-0.158972,0.962191,0.22116999999999998,-3.7155970000000003,0.287364,-2.29629,0.10517,-0.05595599999999999,-0.36959200000000003
44,-2.535656,-1.209877,-2.604506,-0.201121,0.935573,0.29026599999999997,-3.380643,-1.241035,-2.388132,0.651454,-0.491084,-1.0386790000000001
45,-2.580057,-1.133267,-2.603424,-0.22561599999999998,0.905801,0.358638,-3.053577,-2.470468,-1.846956,0.660308,-0.782419,-0.5729479999999999
46,-2.618573,-1.073704,-2.628479,-0.238197,0.878973,0.413121,-2.693476,0.488109,-0.904992,0.366203,-1.2661040000000001,0.512035
47,-2.581846,-1.029548,-2.615205,-0.27355999999999997,0.857066,0.43658,-1.082135,1.2642309999999999,-1.386113,-0.550796,0.20973699999999998,-0.235225
48,-2.533975,-1.0160040000000001,-2.5957689999999998,-0.300738,0.85001,0.43248100000000006,0.115646,1.3312959999999998,-0.282905,-0.397275,0.71986,-1.006883
49,-2.551185,-1.032451,-2.602431,-0.285429,0.858558,0.425921,0.7753329999999999,-1.356352,0.9973989999999999,-0.046129,0.318459,-0.48071499999999995
50,-2.593563,-1.066654,-2.621325,-0.251676,0.875589,0.412315,1.50075,-1.1391950000000002,1.473274,0.183469,-0.08010199999999999,-0.340125
51,-2.633651,-1.122306,-2.643441,-0.21089699999999997,0.9011030000000001,0.378862,2.563446,-0.9622299999999999,2.11713,0.09120700000000001,-0.264827,-0.218156
52,-2.687129,-1.2042680000000001,-2.687339,-0.15732000000000002,0.933577,0.322,3.6052459999999997,-0.46013100000000007,2.989023,0.13180799999999998,-0.627867,-0.024697999999999998
53,-2.794786,-1.305901,-2.787121,-0.088988,0.9651200000000001,0.246221,4.262122,-0.897279,3.580626,0.039915,-0.45382799999999995,0.111812
54,-3.05491,-1.400198,-3.021405,-0.014698,0.985483,0.16913499999999998,3.708457,-1.8923279999999998,3.282136,-0.36649699999999996,0.37525,0.094919
55,2.795572,-1.459095,2.855064,0.037805,0.993768,0.10486199999999998,2.983734,-1.042371,1.814657,-0.484338,0.557334,0.190518
56,2.334355,-1.491419,2.403302,0.05728099999999999,0.996851,0.054832000000000006,2.205841,-0.42421499999999995,0.552203,-0.765289,-0.139033,0.803795
57,1.6912200000000002,-1.5165549999999999,1.7609580000000002,0.053822,0.9985290000000001,0.006513,2.668627,0.189532,-0.6834210000000001,-0.954075,-0.364282,0.9822110000000001
58,1.1440219999999999,-1.541268,1.1849120000000002,0.026875,0.9995639999999999,-0.012221,-0.8380639999999999,1.9194900000000001,-1.6255979999999999,-0.260991,-0.537787,-0.060487
59,1.486237,-1.547274,1.571832,0.023437,0.9997229999999999,-0.001987,0.774167,-4.899739,0.8011010000000001,0.721909,-0.754682,-0.991834
60,0.8152560000000001,-1.508051,1.023876,0.045643,0.9980319999999999,-0.042996,1.723091,-6.02228,1.245002,1.2171889999999999,-0.877289,-0.66933
61,0.88631,-1.4833690000000002,1.161417,0.067648,0.996181,-0.05520800000000001,-0.129726,-0.837986,1.3536030000000001,-0.238715,0.9559219999999999,1.176226
62,0.998499,-1.468943,1.214832,0.085476,0.9948170000000001,-0.055064999999999996,0.610432,4.15041,-0.012806,-0.351986,2.729746,0.828838
63,0.870907,-1.484941,0.99059,0.065591,0.996317,-0.055235,-0.111345,4.635145,-1.7906490000000002,-0.887964,2.03031,0.42268100000000003
64,0.658259,-1.536778,0.714943,0.020806,0.9994209999999999,-0.026905000000000002,-1.8738549999999998,2.117893,-2.657517,-1.876687,-0.58307,0.347538
65,-2.3679419999999998,-1.544671,-2.3408849999999997,-0.018253,0.999659,0.018687,-1.872895,0.8787889999999999,-1.015134,-0.795879,-0.320017,0.211247
66,-2.7470380000000003,-1.518924,-2.727752,-0.019931,0.998655,0.047866000000000006,-1.75965,0.30953800000000004,0.049268,-0.52995,-0.319395,0.26381
67,-2.938257,-1.472975,-2.913581,-0.019722,0.9952190000000001,0.095653,-2.508361,-0.73654,-0.10630899999999999,-0.762169,-0.3231,0.825566
68,-2.928811,-1.420164,-2.882472,-0.031689999999999996,0.988676,0.146679,-2.821815,-1.0666229999999999,-1.203003,-0.41311899999999996,0.388521,0.28899
69,-2.829295,-1.337547,-2.757307,-0.071017,0.9729209999999999,0.21995900000000002,-4.040825,-1.343705,-2.780381,-0.34278600000000004,0.580241,-0.091038
70,-2.750664,-1.247824,-2.636898,-0.120939,0.9482959999999999,0.293441,-3.205839,-2.04392,-3.155006,0.002928,0.441688,-0.935516
71,-2.696001,-1.173152,-2.5441689999999997,-0.166901,0.921976,0.349436,-2.602291,-1.10551,-2.855027,0.209763,-0.41835900000000004,-0.170496
72,-2.638393,-1.11156,-2.4919279999999997,-0.21375500000000003,0.8963909999999999,0.388319,-1.901894,1.293978,-1.986882,0.211955,-0.604201,-0.22607199999999997
73,-2.598164,-1.075279,-2.45673,-0.245862,0.8797229999999999,0.406989,-0.77908,-0.396598,-1.6329049999999998,-0.014835,-0.25043499999999996,-0.5717840000000001
74,-2.570296,-1.052872,-2.4115349999999998,-0.2677,0.868849,0.41646000000000005,-0.09134099999999999,-0.647404,-1.313723,-0.23725900000000003,0.12031700000000001,-0.582704
75,-2.568741,-1.0574219999999999,-2.380111,-0.266202,0.871092,0.412717,1.042211,-1.564375,0.04133,-0.054859000000000005,0.147478,-0.6232270000000001
76,-2.591767,-1.096036,-2.3696349999999997,-0.238866,0.889402,0.389752,2.207592,-1.554843,1.174296,0.102574,0.057497,-0.519803
77,-2.618036,-1.161186,-2.370435,-0.19911199999999998,0.917276,0.344905,3.134377,-1.0861100000000001,1.965312,0.181732,-0.270883,-0.20835399999999998
78,-2.643948,-1.249288,-2.381139,-0.150844,0.94876,0.277671,4.113685,-0.624877,2.455466,0.162151,-0.374373,-0.136878
79,-2.660447,-1.353688,-2.391381,-0.099689,0.976524,0.190951,4.7325099999999996,-0.179365,2.661111,0.30995500000000004,-0.50927,-0.086016
80,-2.744038,-1.463755,-2.467156,-0.041364,0.9942770000000001,0.098505,4.554918,-0.8397530000000001,3.060232,0.108945,-0.161894,-0.025887999999999998
81,2.374352,-1.539039,2.691618,0.022042,0.9994959999999999,0.022857,3.3319769999999997,-2.716158,2.902407,-0.263253,0.525925,0.304673
82,1.056382,-1.496803,1.425907,0.064359,0.9972639999999999,-0.036374000000000004,2.54163,-2.36279,1.534451,-0.673566,0.361547,0.847348
83,0.7269979999999999,-1.469191,1.121918,0.067414,0.994843,-0.075786,1.594503,-0.713155,-0.45262600000000003,-1.181,-0.16633599999999998,1.219753
84,0.460643,-1.456267,0.849914,0.0508,0.993449,-0.102367,1.072151,0.760837,-0.977319,-1.08794,-0.669474,0.8717
85,0.349556,-1.459827,0.7105,0.037926999999999995,0.993849,-0.104045,-0.138594,1.4293850000000001,-0.349973,-0.201623,-0.9644299999999999,-0.417012
86,0.498729,-1.4476870000000002,0.857157,0.058736000000000003,0.992432,-0.10784,0.432751,-1.310383,1.785427,0.964412,-1.183792,-0.36235900000000004
87,0.463689,-1.402487,0.991389,0.074921,0.9858690000000001,-0.149828,2.0065470000000003,-10.915571,1.652768,1.825179,0.047929,0.27231
88,0.49403400000000003,-1.3742020000000001,1.094168,0.092622,0.9807370000000001,-0.171975,-0.24275700000000003,1.702368,1.268374,0.618254,2.439673,0.902276
89,0.621475,-1.386506,1.101197,0.10669400000000001,0.983067,-0.14898499999999998,-0.066061,6.533005999999999,-1.181742,-1.341954,2.836102,1.09976
90,0.549006,-1.396954,1.006222,0.090262,0.984927,-0.147549,-0.23569,-1.0636139999999998,-0.46816499999999994,-1.207953,-0.037204,-0.845828
91,0.6040300000000001,-1.411886,1.037899,0.089876,0.9874,-0.130242,-0.576581,2.085778,-0.282302,-1.474947,-0.29604,0.045022
92,0.5994470000000001,-1.416518,1.015431,0.086697,0.988123,-0.126875,-0.11174400000000001,0.24284299999999998,-0.150644,-1.526089,-0.151727,-0.065096
93,0.661528,-1.431705,1.0629879999999998,0.085172,0.9903420000000001,-0.109398,-1.278828,1.213008,-0.395048,-1.9671450000000001,-0.170503,1.126457
94,0.671747,-1.4633639999999999,1.087233,0.066733,0.9942350000000001,-0.08392999999999999,-1.334889,-2.261966,-1.133401,-0.611975,0.110456,0.997626
95,0.515613,-1.515406,0.991877,0.027297000000000002,0.998466,-0.048165,-2.426996,-3.108753,-2.076775,0.177003,0.16388699999999998,0.570076
96,-2.120085,-1.54611,-1.583469,-0.021053,0.9996950000000001,0.012887000000000001,-3.204886,-2.803045,-2.4607509999999997,0.624065,-0.047287,0.094184
97,-2.42567,-1.469598,-1.861089,-0.06630499999999999,0.994884,0.076223,-3.114994,-0.570573,-2.186314,0.812521,-0.317271,-0.628866
98,-2.455658,-1.397231,-1.887563,-0.109384,0.984975,0.13363599999999998,-2.604542,-0.34921599999999997,-2.306946,0.6894170000000001,-0.585515,-0.501419
99,-2.418132,-1.330082,-1.840371,-0.157814,0.971168,0.17868299999999998,-2.1004110000000003,-0.364369,-2.6836919999999997,-0.017708,-0.618629,0.6466649999999999
100,-2.357624,-1.262382,-1.789727,-0.21433400000000002,0.952816,0.21494699999999997,-1.9839259999999999,1.183702,-2.840822,-0.8353790000000001,0.49965299999999996,0.416782
101,-2.289359,-1.194045,-1.7328139999999999,-0.276939,0.9298649999999999,0.242191,-1.307374,0.280798,-3.538898,-1.306923,1.738852,-0.16058699999999998
102,-2.231224,-1.1266530000000001,-1.667513,-0.339335,0.9029790000000001,0.263592,-1.3057379999999998,-0.036455,-2.791793,-1.892843,2.3242849999999997,-0.48453900000000005
103,-2.222311,-1.081142,-1.655055,-0.373983,0.882495,0.285199,-0.8445280000000001,-0.5303800000000001,-1.6855330000000002,0.43515600000000004,-0.017505,-0.283596
104,-2.2334560000000003,-1.05818,-1.632562,-0.38665700000000003,0.8714639999999999,0.301738,-0.008415,-2.034976,-0.9727389999999999,0.729263,-0.14671800000000002,-0.321635
105,-2.270654,-1.05586,-1.6141159999999999,-0.376715,0.870324,0.317211,0.500138,-2.829926,-0.019586000000000003,0.688986,-0.42511800000000005,-0.264369
106,-2.2916,-1.076484,-1.585486,-0.356425,0.880295,0.313116,1.691244,-1.7845380000000002,0.457412,0.642039,-0.764374,-0.021124
107,-2.2521560000000003,-1.119171,-1.523298,-0.338981,0.899739,0.274884,2.868429,-0.30966,0.900647,0.6008220000000001,-0.8705639999999999,-0.10448900000000001
108,-2.156977,-1.180034,-1.419775,-0.317307,0.9246190000000001,0.210704,3.90441,0.13451400000000002,1.345285,0.106445,-1.00308,-0.386531
109,-1.97278,-1.2496399999999999,-1.228092,-0.290501,0.9488709999999999,0.123502,4.920029,0.291147,1.520958,-0.279567,-1.153476,-0.087811
110,-1.681114,-1.312294,-0.935492,-0.254079,0.966774,0.028144,4.559355,0.680869,2.405628,-0.305643,-1.287147,0.36496799999999996
111,-1.346964,-1.380375,-0.5773659999999999,-0.184551,0.981925,-0.042012,3.130564,-2.762357,4.2384699999999995,-0.283192,0.575372,0.514943
112,-1.169123,-1.442677,-0.22430799999999998,-0.1176,0.9918040000000001,-0.049951999999999996,0.8041159999999999,-10.560992,2.73243,-0.636063,1.8118150000000002,1.4828290000000002
113,-1.271949,-1.4475360000000002,-0.17210999999999999,-0.117499,0.9924129999999999,-0.036198,-0.371386,-5.662946,-0.749506,-0.734812,1.5195040000000002,1.4454690000000001
114,-1.540665,-1.4248889999999999,-0.383626,-0.145323,0.989374,-0.004379999999999999,-1.535919,-1.242717,-1.437353,-0.990129,-0.091425,1.30893
115,-1.558526,-1.401514,-0.442333,-0.168462,0.985706,-0.0020670000000000003,0.5156270000000001,3.2203630000000003,-0.9790200000000001,0.117101,-0.389606,-1.45089
116,-1.335935,-1.388456,-0.299016,-0.176353,0.9834219999999999,-0.042197000000000005,1.6189209999999998,5.236255,-0.169526,1.501091,-0.278512,-1.5501340000000001
117,-1.160691,-1.3998620000000002,-0.190328,-0.155998,0.985426,-0.067821,-1.398854,-4.486364,1.87284,3.048896,0.49357799999999996,-1.431111
118,-1.48353,-1.46085,-0.254744,-0.10930799999999999,0.9939620000000001,-0.009563,0.7168479999999999,-10.228838,2.062688,0.900552,1.131618,2.337322
119,-1.358299,-1.465702,-0.120103,-0.10254100000000001,0.994483,-0.022124,-0.21508899999999997,2.540252,-0.496144,-0.045011,2.3017060000000003,-0.48866400000000004
120,-1.51725,-1.436447,-0.342074,-0.13375399999999998,0.9909889999999999,-0.007169,-1.242076,2.219096,-1.8745029999999998,-1.51801,1.741479,-0.352603
121,-1.5640379999999998,-1.4179629999999999,-0.405771,-0.15223599999999998,0.988344,-0.001029,0.317894,0.442537,-0.11265,-0.686815,-0.38344,-0.9212889999999999
122,-1.1900110000000002,-1.436485,-0.047978,-0.12431700000000001,0.990994,-0.049767,3.653315,1.1247340000000001,1.949009,-0.42316899999999996,0.050373,-1.233757
123,-0.589717,-1.409942,0.5416810000000001,-0.08907000000000001,0.9870909999999999,-0.13310999999999998,3.4832449999999997,0.803344,1.483557,0.170414,0.9111790000000001,0.61927
124,-0.408524,-1.3800569999999999,0.731901,-0.07531399999999999,0.981864,-0.173984,1.9894630000000002,-0.681131,0.252979,-0.345661,0.666222,0.43735
125,-0.327797,-1.347137,0.8254040000000001,-0.07141,0.975092,-0.20999,1.632443,-0.41005,0.437076,0.111312,0.251806,0.351622
126,-0.24035700000000002,-1.326238,0.923306,-0.057638,0.9702440000000001,-0.23516700000000001,1.299986,-0.610744,1.096241,0.542776,-0.041915,0.471419
127,-0.128227,-1.301243,1.065828,-0.034054,0.9638899999999999,-0.264115,1.65163,-1.532645,1.6991509999999999,0.774593,0.09021799999999999,0.663971
128,-0.023781999999999998,-1.274881,1.19013,-0.006934,0.956536,-0.291533,1.274229,0.07345,1.579089,0.597694,-0.074746,0.987791
129,0.12168599999999999,-1.253631,1.306063,0.037857,0.9501229999999999,-0.309568,0.8032229999999999,2.668756,1.9132360000000002,0.323807,-0.175023,0.6872229999999999
130,0.298566,-1.2363709999999999,1.4161299999999999,0.096548,0.944599,-0.313706,0.26336,4.0344120000000006,1.855372,-0.007726,-0.187931,0.355423
131,0.48117,-1.2244389999999998,1.518615,0.157114,0.940615,-0.30092800000000003,-0.266135,4.360417,1.774344,-0.394388,-0.2914,0.427149
132,0.639784,-1.21071,1.604269,0.21036300000000002,0.935867,-0.282668,-0.069604,3.4085410000000005,1.4842440000000001,-0.9197290000000001,-0.18489,0.30789
133,0.715296,-1.19171,1.645434,0.24270799999999998,0.929003,-0.27936700000000003,0.46947799999999995,0.8360479999999999,0.9806950000000001,-1.49956,0.055021,0.11592999999999999
134,0.713879,-1.175378,1.649384,0.252214,0.9228350000000001,-0.291141,0.462467,-0.6166590000000001,0.372553,-1.898714,0.078446,0.362964
135,0.720425,-1.1764139999999998,1.664029,0.253483,0.923234,-0.28876399999999997,-0.6565310000000001,-0.111095,0.121603,-1.7294200000000002,-0.300325,0.537651
136,0.741649,-1.190635,1.694695,0.25066,0.9286049999999999,-0.273611,-0.971385,-0.8334959999999999,-0.10186100000000001,-1.042149,0.118423,0.7134
137,0.728276,-1.209422,1.7328279999999998,0.23532399999999998,0.9354120000000001,-0.26387,-1.310735,-3.303437,-0.182251,-0.8335899999999999,0.61131,0.644058
138,0.7098760000000001,-1.241583,1.7809270000000001,0.210707,0.9462969999999999,-0.245204,-2.0794599999999996,-2.7097759999999997,-0.656263,-0.511152,0.561012,0.262721
139,0.734042,-1.297142,1.840222,0.181035,0.9627899999999999,-0.200654,-2.938592,-1.004275,-1.507276,-0.402211,0.582361,-0.011534
140,0.738475,-1.366733,1.8533810000000002,0.136416,0.979251,-0.149859,-2.327459,-0.290204,-2.652261,-0.12828299999999998,1.1474879999999998,-0.712263
141,0.535207,-1.432175,1.666882,0.07047300000000001,0.9904069999999999,-0.118855,-1.4361110000000001,-1.46823,-3.465988,0.13611600000000001,1.363993,-0.951656
142,-0.0049700000000000005,-1.4832319999999999,1.148167,-0.00043499999999999995,0.9961690000000001,-0.087451,-1.810772,-0.9506020000000001,-3.383811,0.49179799999999996,0.792161,-0.313321
143,-0.966327,-1.4804190000000002,0.221723,-0.07426100000000001,0.995919,-0.051294000000000006,-1.546265,-2.6549110000000002,-3.6457660000000005,0.26295100000000005,0.533409,-0.17966300000000002
144,-1.422424,-1.421771,-0.16745,-0.146843,0.988916,-0.021949,-0.854601,-3.843636,-3.477042,-0.15998099999999998,0.358542,0.001227
145,-1.606364,-1.351794,-0.27373400000000003,-0.217119,0.976115,0.007726,-0.773896,-3.789191,-3.575893,-0.142317,0.440237,0.053966
146,-1.6957810000000002,-1.281785,-0.307282,-0.282781,0.958526,0.035528,-0.631691,-2.273779,-3.314059,-0.18703699999999998,0.34922800000000004,0.019968
147,-1.7408869999999999,-1.2194180000000001,-0.311327,-0.339225,0.9388989999999999,0.058262,-0.49110200000000004,-2.242543,-2.989445,-0.035653,0.04662,-0.374592
148,-1.7814709999999998,-1.1603809999999999,-0.301795,-0.39016799999999996,0.916955,0.083437,-0.261757,-2.413024,-2.912849,0.393067,-0.008264,-0.470232
149,-1.8224799999999999,-1.1038350000000001,-0.273984,-0.435992,0.89294,0.11210899999999999,0.022816,-4.111109,-2.884117,0.6607689999999999,-0.084576,-0.841144
150,-1.891091,-1.051577,-0.23523400000000003,-0.470967,0.868207,0.156228,0.240288,-5.556343,-2.626509,0.579625,-0.15195899999999998,-0.812874
151,-1.963114,-1.014073,-0.1922,-0.48826099999999995,0.8489909999999999,0.202026,0.464699,-5.132178,-1.8029540000000002,0.450908,-0.31606300000000004,-0.48362700000000003
152,-2.010664,-0.9983059999999999,-0.14998,-0.490159,0.8405540000000001,0.23067800000000002,0.930492,-3.539824,-0.817908,0.472779,-0.48181999999999997,-0.29520799999999997
153,-2.02921,-1.003301,-0.099924,-0.482026,0.84325,0.237867,1.523419,-2.92992,-0.14263699999999999,0.748505,-0.598835,-0.387602
154,-2.044195,-1.0180719999999999,-0.043697,-0.46726999999999996,0.8510969999999999,0.23935900000000002,1.700777,-3.182609,0.0245,0.969024,-0.716072,-0.261209
155,-2.050329,-1.037269,0.011889,-0.451212,0.8610190000000001,0.234638,1.7601060000000002,-2.240281,0.349515,1.151392,-0.864345,-0.04166
156,-2.028433,-1.0688799999999998,0.072089,-0.431601,0.876662,0.212567,2.290412,-1.157939,0.948968,1.037191,-0.756728,0.020130000000000002
157,-1.9633990000000001,-1.112315,0.16684000000000002,-0.408913,0.896726,0.16933099999999998,3.262559,-0.933011,1.132795,0.691567,-0.43671899999999997,0.105724
158,-1.874195,-1.165675,0.29545,-0.376129,0.919055,0.117753,3.0043759999999997,-1.900996,2.066927,0.528366,0.688444,1.031158
159,-2.011429,-1.187138,0.22696999999999998,-0.338561,0.9273020000000001,0.15965,-2.193251,-3.194446,-0.032595,-1.9149330000000002,2.784796,1.850757
160,-2.0443990000000003,-1.146334,0.22175799999999998,-0.366501,0.9112600000000001,0.187834,-0.222371,-0.6089060000000001,-2.033603,-1.382095,0.6699930000000001,0.456255
161,-2.005902,-1.120901,0.279582,-0.394353,0.900492,0.183301,0.819066,-1.061724,-1.321795,-0.42013100000000003,-0.442668,-0.149793
162,-1.970287,-1.102341,0.339839,-0.41595600000000005,0.892267,0.17561400000000002,0.771346,-0.455793,-1.4938200000000001,-0.14291199999999998,-0.570749,-0.583725
163,-1.908073,-1.086898,0.381314,-0.439021,0.885188,0.153954,0.517359,2.278363,-0.6402479999999999,0.0019030000000000002,0.09412100000000001,-1.6595849999999999
164,-1.815589,-1.088766,0.41458500000000004,-0.449759,0.8860549999999999,0.11235099999999999,0.9388479999999999,3.2275099999999997,0.062234000000000005,0.462164,0.8661719999999999,-1.294022
165,-1.839868,-1.087032,0.38196399999999997,-0.44837899999999997,0.885251,0.123644,-2.090409,-2.334188,0.263982,0.589965,1.174549,-0.93735
166,-1.94327,-1.103281,0.37083499999999997,-0.419767,0.892691,0.164008,1.998661,-5.775979,0.951775,1.411725,-0.10369,0.761209
167,-1.930521,-1.139849,0.47695699999999996,-0.390994,0.9085700000000001,0.147048,2.656589,-1.7158259999999999,0.8176399999999999,1.026965,-0.587525,-1.186523
168,-1.837319,-1.1726889999999999,0.563705,-0.373987,0.921796,0.102105,1.9792490000000003,0.665605,1.269193,0.701166,-0.471616,-1.2349940000000001
169,-1.7977439999999998,-1.215811,0.625242,-0.33866399999999997,0.937652,0.078206,1.419361,-1.781639,2.09629,0.530741,0.108247,-0.148397
170,-1.773457,-1.262534,0.693879,-0.297194,0.9528620000000001,0.061068,1.720309,-1.8347060000000002,1.7865389999999999,-0.099244,1.106067,0.260038
171,-1.734423,-1.291613,0.7662939999999999,-0.27189,0.9612809999999999,0.04489,0.8008810000000001,-1.3162049999999998,1.058403,-0.490928,1.138893,-0.047911
172,-1.7500229999999999,-1.313012,0.7679199999999999,-0.250855,0.966957,0.045447,0.10585,-0.549678,0.979927,-0.290771,-0.181145,0.012124
173,-1.7254939999999999,-1.3276780000000001,0.801137,-0.23785599999999998,0.970592,0.037092,0.836216,-0.46169899999999997,0.457214,0.054399,-0.49406000000000005,0.161776
174,-1.6406020000000001,-1.3373950000000001,0.9053979999999999,-0.23072399999999998,0.972885,0.016132,1.479076,-0.900317,0.36399000000000004,0.151348,-0.51413,0.106518
175,-1.52555,-1.3465340000000001,1.039958,-0.22215900000000002,0.974958,-0.010059,1.496232,-0.8037479999999999,0.44196599999999997,0.060157,-0.311384,-0.004636
176,-1.419224,-1.351744,1.16838,-0.214813,0.9761040000000001,-0.032811,1.3088790000000001,-1.012693,0.375764,-0.009568,-0.052092999999999993,-0.079081
177,-1.320999,-1.354575,1.284872,-0.207882,0.976715,-0.053036,1.103672,-0.572207,0.421836,0.048183,0.20076,-0.041629
178,-1.244316,-1.360118,1.36628,-0.198077,0.9778889999999999,-0.06706799999999999,0.494608,0.072774,0.5609649999999999,0.135623,0.268906,0.038199000000000004
179,-1.214132,-1.3692309999999999,1.400782,-0.187603,0.9797540000000001,-0.069901,0.051659000000000004,-0.502825,0.499856,0.046597,0.18937400000000001,-0.029845999999999998
180,-1.222587,-1.375276,1.413411,-0.182618,0.9809469999999999,-0.06629,0.008712000000000001,-1.343015,0.192985,-0.078887,0.060069000000000004,0.22287600000000002
181,-1.257031,-1.374687,1.413736,-0.185342,0.9808319999999999,-0.06014,0.0044280000000000005,-1.932824,-0.15773399999999999,-0.280524,0.183566,0.545034
182,-1.327813,-1.368506,1.381848,-0.195011,0.9796090000000001,-0.04834,-0.468566,-1.883977,-0.507204,-0.405559,0.214071,0.816116
183,-1.4735790000000002,-1.357277,1.263145,-0.2109,0.977291,-0.020568,-1.435603,-1.224791,-0.9452969999999999,-0.515342,0.05611,0.928649
184,-1.642786,-1.331534,1.111106,-0.23637199999999997,0.971513,0.017046000000000002,-1.9007720000000001,-1.012368,-1.4487459999999999,-0.322694,0.08630299999999999,0.999662
185,-1.837641,-1.298925,0.92942,-0.259031,0.9632700000000001,0.07081,-2.846915,-0.9821719999999999,-0.987513,0.075941,0.240923,0.940207
186,-2.02984,-1.258773,0.750875,-0.27520500000000003,0.951714,0.136022,-3.3401440000000004,-0.974493,-1.147996,0.569211,0.298331,0.34205100000000005
187,-2.177441,-1.19154,0.610743,-0.304168,0.92894,0.211073,-3.7957959999999997,-0.8524729999999999,-1.962116,0.396453,0.5259550000000001,-0.561613
188,-2.271235,-1.117219,0.552339,-0.335018,0.898885,0.282433,-2.769911,-2.98618,-2.32823,0.224162,1.042826,-1.352989
189,-2.361297,-1.0542200000000002,0.534135,-0.347458,0.8695149999999999,0.351022,-2.343688,-3.016564,-1.760125,0.164521,1.2343520000000001,-1.19021
190,-2.3728119999999997,-0.9925729999999999,0.516178,-0.379985,0.837435,0.392828,-2.711184,1.7044080000000001,-2.1575740000000003,-0.12291400000000001,0.993223,-1.017493
191,-2.317196,-0.9134530000000001,0.53377,-0.44856999999999997,0.791618,0.41488,-2.058544,2.033099,-3.667107,-0.357902,0.517021,-0.40021599999999996
192,-2.260154,-0.832448,0.566122,-0.5193760000000001,0.739581,0.42809899999999995,-1.862689,1.302373,-3.583617,0.204221,0.642163,-0.205031
193,-2.225276,-0.7592899999999999,0.587849,-0.575447,0.6884060000000001,0.441539,-1.486335,0.648755,-3.22657,0.807854,0.46018400000000004,-0.486415
194,-2.214496,-0.7039770000000001,0.612754,-0.6097279999999999,0.647254,0.45748599999999995,-0.535459,-0.619095,-2.410727,0.8868889999999999,0.294976,-0.565793
195,-2.210467,-0.67201,0.642351,-0.627851,0.62256,0.467142,0.202754,-0.9502010000000001,-1.768486,0.593931,-0.265581,-0.482538
196,-2.217123,-0.652903,0.678656,-0.6341100000000001,0.607495,0.47838800000000004,0.775224,-1.78398,-1.548707,0.464081,-0.586956,-0.500162
197,-2.239651,-0.6420819999999999,0.719078,-0.628293,0.5988640000000001,0.496598,1.008422,-2.6250709999999997,-1.337697,0.323438,-0.6272909999999999,-0.619767
198,-2.270121,-0.636808,0.7612909999999999,-0.6152810000000001,0.5946319999999999,0.5175350000000001,1.270657,-2.813866,-1.238415,0.305604,-0.665524,-0.622729
199,-2.297564,-0.641705,0.805787,-0.598665,0.598563,0.532281,1.6247,-2.616725,-0.762972,0.5022449999999999,-0.784506,-0.57052
200,-2.324635,-0.660922,0.8406020000000001,-0.575545,0.613845,0.540317,1.6877939999999998,-2.1603630000000003,0.1406,0.8772719999999999,-0.918884,-0.422702
201,-2.3395650000000003,-0.6981,0.8602350000000001,-0.5506220000000001,0.642764,0.5326069999999999,2.015852,-1.001358,1.1904,1.164269,-0.920703,-0.282775
202,-2.3437930000000002,-0.756254,0.8777860000000001,-0.5206970000000001,0.6862010000000001,0.50794,2.767317,-0.726493,1.864004,1.254156,-0.644834,-0.206182
203,-2.338349,-0.826559,0.899767,-0.48747399999999996,0.7356050000000001,0.47037799999999996,3.069181,-0.152754,1.9796770000000001,0.871583,-0.22901300000000002,-0.296687
204,-2.326283,-0.8921680000000001,0.915652,-0.456945,0.778434,0.430396,2.219621,-0.39931300000000003,2.037084,0.24104899999999999,0.870476,-0.19095499999999999
205,-2.3532669999999998,-0.938209,0.911118,-0.41928699999999997,0.8065,0.41684,1.290892,-1.281333,1.504025,-0.209893,2.594913,0.142242
206,-2.3492889999999997,-0.9756540000000001,0.9331200000000001,-0.39915100000000003,0.828069,0.393676,2.1266529999999997,-0.082754,0.47856099999999996,-0.35593,2.4007680000000002,0.284379
207,-2.2710169999999996,-1.016743,1.001288,-0.40233800000000003,0.850399,0.339037,3.065336,1.5352299999999999,0.240558,0.369623,-0.378689,0.10868699999999999
208,-2.170537,-1.055988,1.080871,-0.406441,0.8703870000000001,0.277906,2.350623,1.4742520000000001,0.391604,0.700493,-0.792003,-0.550413
209,-2.114393,-1.081401,1.118544,-0.402331,0.882617,0.24314000000000002,1.074141,0.988397,0.720869,0.908983,-0.995044,-0.717277
210,-2.100216,-1.106873,1.128232,-0.386203,0.8943040000000001,0.22598200000000002,0.763043,-0.198758,1.099436,0.928164,-0.907869,-0.556182
211,-2.1188740000000004,-1.131618,1.126095,-0.36291599999999996,0.905101,0.22154699999999997,0.5299050000000001,-1.136045,0.996459,0.22917300000000002,-0.560817,-0.18488
212,-2.1338169999999996,-1.1521,1.139239,-0.343814,0.9136200000000001,0.217004,0.99449,-1.475697,0.550416,-1.376126,0.611725,0.546104
213,-2.111533,-1.161375,1.189418,-0.341285,0.917351,0.204918,1.083581,-0.970189,-0.732544,-1.147424,2.459648,-0.21151
214,-2.058652,-1.14393,1.253963,-0.365721,0.9102680000000001,0.19406500000000002,0.29457,0.8228700000000001,-1.4293559999999998,0.020765000000000002,2.449443,-0.7093689999999999
215,-1.981829,-1.13014,1.2710270000000001,-0.391007,0.9044719999999999,0.170424,-0.146362,3.7760269999999996,-0.30283699999999997,0.166077,1.016076,2.678407
216,-1.9621259999999998,-1.1238920000000001,1.248691,-0.399505,0.901789,0.16484000000000001,-0.5889939999999999,0.500594,-0.523922,0.42324799999999996,0.548132,-1.339034
217,-1.9846,-1.095177,1.214701,-0.419242,0.889009,0.184115,-1.777166,0.863318,-0.957838,-0.18441,-0.17221199999999998,0.48306000000000004
218,-2.029298,-1.068473,1.154205,-0.43173599999999995,0.876466,0.213098,-1.7403919999999997,0.032463,-0.472612,-0.182613,-0.495317,0.34081100000000003
219,-2.073172,-1.05029,1.1078379999999999,-0.435871,0.867567,0.23946399999999998,-1.351111,-0.17568499999999998,-0.17266099999999998,0.068165,-0.237974,-0.26926500000000003
220,-2.1187099999999996,-1.0283959999999999,1.052087,-0.44063,0.8564719999999999,0.268889,-2.134736,0.517903,-0.315755,0.140733,0.146793,0.45729200000000003
221,-2.169247,-0.9908450000000001,0.9821620000000001,-0.45274899999999996,0.83649,0.308714,-2.75927,0.137641,-0.849469,0.140996,0.278806,0.177279
222,-2.208136,-0.926982,0.9295120000000001,-0.482411,0.799812,0.357185,-3.337339,0.239956,-2.223098,0.191395,0.260811,-0.137245
223,-2.227439,-0.8554729999999999,0.887077,-0.519472,0.754881,0.400378,-3.535197,0.980248,-2.565111,0.816851,0.119539,-0.612338
224,-2.236091,-0.798769,0.8588979999999999,-0.548818,0.716498,0.430616,-3.12058,0.027170999999999997,-2.476582,1.094671,-0.044516,-1.046369
225,-2.257414,-0.723617,0.8307469999999999,-0.5795939999999999,0.6621,0.47507299999999997,-3.116792,0.326994,-2.0678099999999997,0.984333,-0.308782,-0.26706599999999997
226,-2.240614,-0.6645220000000001,0.806258,-0.617123,0.616683,0.48873500000000003,-2.203435,2.292481,-1.541588,0.322979,-0.18575899999999998,-0.028423
227,-2.195402,-0.622364,0.792038,-0.659097,0.582958,0.47513299999999997,-1.479731,2.514264,-1.155462,-0.160697,0.318867,-0.775792
228,-2.1885209999999997,-0.6105520000000001,0.7844800000000001,-0.667918,0.5733199999999999,0.474542,0.002726,-0.656371,0.314942,-0.6418050000000001,0.434432,-0.741678
229,-2.202957,-0.6131300000000001,0.762861,-0.659803,0.57543,0.483259,-2.195132,1.6609770000000001,0.262437,0.06822,0.39000799999999997,-0.639021
230,-2.237173,-0.645984,0.766368,-0.62768,0.601984,0.493591,2.804712,-3.297142,2.133579,0.501811,0.273443,-0.338959
231,-2.262944,-0.725079,0.79479,-0.576212,0.663195,0.477653,3.552993,-1.436922,2.4878669999999996,0.718119,-0.12018,-0.221214
232,-2.255692,-0.81786,0.830105,-0.5295810000000001,0.729684,0.43255699999999997,4.2170440000000005,-0.671833,2.9220189999999997,0.7808470000000001,-0.360742,-0.11471600000000001
233,-2.216496,-0.925932,0.886898,-0.48007799999999995,0.799182,0.36171,5.063626,0.244319,3.249361,0.68424,-0.35335,0.023315
234,-2.1324080000000003,-1.035058,0.958411,-0.432066,0.859892,0.271855,4.195002,1.6873669999999998,3.3034019999999997,0.380324,0.26256,0.008907
235,-2.0519279999999998,-1.111582,1.005801,-0.392924,0.896401,0.20512600000000003,2.138646,1.8049580000000003,2.321078,0.07429,0.555824,0.372251
236,-2.033823,-1.1480110000000001,1.0165389999999999,-0.36709899999999995,0.91195,0.183265,0.599793,-0.308552,0.993783,-0.219708,0.371436,0.648324
237,-1.9953470000000002,-1.1617950000000001,1.050537,-0.362387,0.9175180000000001,0.16381400000000002,1.137213,1.232944,-0.013908000000000002,-0.453042,-0.046028,0.889531
238,-1.910238,-1.1683629999999998,1.092847,-0.369311,0.920111,0.130407,0.5396380000000001,2.238297,0.30430100000000004,0.67795,-1.046606,-0.348577
239,-1.968867,-1.1855120000000001,1.0583930000000001,-0.346437,0.926692,0.14568399999999998,-0.516465,-3.694268,1.229607,1.134477,-1.1543219999999998,-0.379204
240,-2.077904,-1.198114,1.035931,-0.318292,0.9313540000000001,0.176833,-0.053535,-4.263711,0.443086,-0.15549300000000002,0.400464,-0.064726
241,-2.123242,-1.19204,1.021775,-0.31476,0.929125,0.19404200000000002,-0.500656,0.985722,-0.704421,-0.9664590000000001,2.533277,0.553501
242,-2.020925,-1.15744,1.059332,-0.361674,0.9157780000000001,0.174766,-0.13053399999999998,3.558622,-2.153641,-0.596059,2.777689,-0.497917
243,-1.927746,-1.130419,1.0960969999999999,-0.399411,0.904591,0.14895,0.468017,2.667256,-1.1431209999999998,0.12524100000000002,-0.5078779999999999,-0.5547270000000001
244,-1.852121,-1.1251120000000001,1.1505290000000001,-0.41412899999999997,0.902316,0.119679,1.322707,0.222423,-0.280509,-0.22821999999999998,-0.422839,-0.750599
245,-1.802774,-1.138205,1.219467,-0.407995,0.907882,0.096381,1.623189,-0.505093,0.5065970000000001,-0.958765,0.239044,0.28869
246,-1.74062,-1.1370049999999998,1.254946,-0.414268,0.907379,0.071037,-0.018862999999999998,2.336625,-1.154644,-1.566537,0.86287,1.060708
247,-1.749322,-1.091639,1.2222520000000001,-0.453704,0.8873840000000001,0.08187,-1.871704,-0.017773,-2.176176,-0.34391900000000003,0.757895,1.385232
248,-1.878221,-1.033528,1.136248,-0.48779700000000004,0.85911,0.154871,-3.123247,-4.022459,-2.6102790000000002,0.775471,0.699499,0.20275
249,-2.033004,-0.946433,1.0330190000000001,-0.523241,0.811335,0.260679,-4.9171510000000005,-2.179965,-2.811041,1.152315,0.49081899999999995,0.150926
250,-2.130439,-0.865186,0.92355,-0.549567,0.761216,0.344277,-4.662399,-0.109247,-1.3911799999999999,1.455481,0.286376,-0.448876
251,-2.18629,-0.7974680000000001,0.844994,-0.570334,0.71559,0.40329899999999996,-3.793444,0.213808,-1.414367,1.610572,-0.729842,-0.722986
252,-2.204551,-0.732334,0.789902,-0.599213,0.668607,0.44035,-3.2809459999999997,1.4288040000000002,-1.471096,0.752808,-0.994275,0.091785
253,-2.181484,-0.67947,0.761284,-0.637303,0.6283810000000001,0.446075,-1.9339009999999999,2.90944,-1.549042,0.257832,-0.641137,0.088898
254,-2.0986130000000003,-0.638203,0.74937,-0.693864,0.595753,0.404514,-1.285915,5.175087,-1.263272,0.200105,1.150356,-0.8649020000000001
255,-2.0456939999999997,-0.629478,0.743794,-0.718884,0.588723,0.369609,0.255585,0.884806,0.432238,0.225125,1.157386,-0.829997
256,-2.038529,-0.65028,0.74678,-0.710427,0.605409,0.358849,0.5428069999999999,0.377289,0.826932,0.20437,0.966505,-0.607689
257,-2.0349009999999996,-0.673604,0.74767,-0.698905,0.623807,0.349852,0.695326,-0.148042,1.264505,0.362831,-0.007306,-0.6015149999999999
258,-2.046076,-0.7146779999999999,0.7573489999999999,-0.6715899999999999,0.655374,0.345618,1.6562759999999999,-1.297844,1.854872,0.31235300000000005,-0.312707,-0.454779
259,-2.05775,-0.77274,0.794039,-0.632775,0.698099,0.335043,3.113292,-1.999972,1.951407,0.233895,-0.9962559999999999,-0.198568
260,-2.038004,-0.846641,0.8640389999999999,-0.5915020000000001,0.749059,0.298388,4.109118,-1.208473,2.4198880000000003,0.171794,-1.315588,0.17744200000000002
261,-1.9904950000000001,-0.935325,0.935499,-0.542043,0.804792,0.241865,3.7745059999999997,0.250638,3.320466,0.065206,-1.1061379999999998,0.505418
262,-1.9281849999999998,-1.0216450000000001,0.990603,-0.488983,0.8529680000000001,0.182598,2.4556,0.5943149999999999,3.233901,-0.176621,0.6192770000000001,-0.234829
263,-1.914996,-1.063283,1.024726,-0.4575,0.873956,0.163999,1.106266,-1.3374219999999999,0.508321,-0.346456,0.706596,0.37256100000000003
264,-1.9044419999999997,-1.04795,1.030419,-0.471812,0.866401,0.16353199999999998,-0.9155129999999999,1.9107759999999998,-1.24262,-0.556142,0.42994,2.0480009999999997
265,-1.8448419999999999,-1.0366600000000001,1.063081,-0.4901,0.8607090000000001,0.137776,1.7150020000000001,-0.41031599999999996,-0.363489,0.941333,0.069116,-1.394658
266,-1.8723130000000001,-1.0524209999999998,1.131865,-0.47311800000000004,0.868625,0.14713900000000002,1.590308,-5.865685,0.565575,1.2630649999999999,-0.33070700000000003,-1.2762440000000002
267,-1.96068,-1.069476,1.147208,-0.444518,0.876949,0.182661,0.263573,-3.8784019999999995,0.780224,0.8481129999999999,0.935475,0.055941
268,-1.9393580000000001,-1.077275,1.150701,-0.441917,0.8806700000000001,0.170673,0.5371239999999999,3.654584,-0.093846,-0.299705,2.461768,1.2711
269,-1.844536,-1.062442,1.189378,-0.468617,0.873547,0.131582,0.386356,1.7388540000000001,-1.468314,-0.182018,0.685062,-0.846319
270,-1.797577,-1.039281,1.198811,-0.493863,0.8620399999999999,0.11395899999999999,-0.087759,2.264373,-0.610244,-0.28882199999999997,0.131902,0.301782
271,-1.777986,-1.048284,1.199352,-0.488385,0.866568,0.10266099999999999,-0.081575,0.290095,0.7949039999999999,-0.540195,0.22019299999999997,0.261352
272,-1.807148,-1.05891,1.169008,-0.47620500000000004,0.871822,0.114695,-0.842458,-0.480687,0.5363399999999999,-0.745398,-0.017863999999999998,0.365102
273,-1.875458,-1.046009,1.111924,-0.47795600000000005,0.8654299999999999,0.150294,-2.053976,-1.075856,-0.88889,-0.849925,-0.076795,0.692968
274,-1.983,-0.9993040000000001,1.02539,-0.495583,0.841095,0.21669499999999997,-3.382224,-2.2561400000000003,-1.6112959999999998,0.542549,0.507339,0.225977
275,-2.098442,-0.926185,0.9348129999999999,-0.5191640000000001,0.799333,0.302548,-4.290624,-1.620647,-2.302118,0.7637010000000001,0.466383,-0.155041
276,-2.172739,-0.84464,0.855756,-0.547294,0.747732,0.375986,-4.110373,-0.264733,-1.8806479999999999,1.069236,0.303888,-0.768
277,-2.2140009999999997,-0.7767470000000001,0.802795,-0.570685,0.700963,0.427749,-3.0320150000000003,-0.075612,-1.625531,1.062308,-0.280065,-0.515991
278,-2.229059,-0.724489,0.7725489999999999,-0.5923729999999999,0.6627529999999999,0.45809700000000003,-2.123926,0.5409,-1.277079,0.575756,-0.625369,-0.202222
279,-2.221005,-0.688501,0.761362,-0.614638,0.6353800000000001,0.46745299999999995,-1.07994,0.820009,-1.118456,0.061064,-0.264088,-0.609817
280,-2.203118,-0.664208,0.755191,-0.635166,0.616436,0.465372,-0.872099,1.166056,-0.724342,0.06854600000000001,0.507771,-0.714334
281,-2.174625,-0.6499510000000001,0.7618699999999999,-0.655335,0.6051479999999999,0.452032,0.534043,1.257817,-0.382421,-0.470138,1.310059,-0.519201
282,-2.155199,-0.669108,0.7821319999999999,-0.6542020000000001,0.620286,0.432741,1.268769,-0.17313800000000001,0.650038,0.17727300000000001,0.562148,-0.704576
283,-2.160304,-0.700797,0.8007449999999999,-0.635321,0.644827,0.42493000000000003,1.719612,-1.273651,1.078681,0.315436,0.018747,-0.597446
284,-2.1832759999999998,-0.749979,0.8281059999999999,-0.598698,0.681623,0.420655,2.562732,-2.495613,1.701432,0.445301,-0.275251,-0.371079
285,-2.215855,-0.8193940000000001,0.864625,-0.545493,0.7307319999999999,0.41044899999999995,3.387054,-3.0320669999999996,2.206738,0.644934,-0.50478,-0.093051
286,-2.2308779999999997,-0.906043,0.9163040000000001,-0.487288,0.7870689999999999,0.37825,4.334904,-2.3889110000000002,2.518045,0.6661819999999999,-0.780828,0.20855700000000002
287,-2.201151,-1.0009430000000001,0.9836870000000001,-0.435825,0.84198,0.31800300000000004,4.1407050000000005,-0.39868899999999996,2.614552,0.3969,-0.812516,0.40859
288,-2.143774,-1.072095,1.028543,-0.401898,0.8782049999999999,0.259296,2.3273349999999997,1.634292,1.9476650000000002,0.008237000000000001,-0.32014499999999996,0.328824
289,-2.044547,-1.112649,1.077042,-0.393575,0.896874,0.201783,1.8849939999999998,3.5859690000000004,0.711482,-0.087992,-0.432701,0.73033
290,-1.9591459999999998,-1.109639,1.086591,-0.41184899999999997,0.895538,0.168498,-1.407347,2.9255299999999997,-0.702562,0.513228,-0.033752,0.8919870000000001
291,-2.006375,-1.110845,1.071804,-0.402456,0.8960739999999999,0.187299,1.145856,-3.8571980000000003,0.574852,0.720449,-0.275102,-2.263837
292,-2.079605,-1.144448,1.1273950000000001,-0.361162,0.910482,0.201455,1.91628,-6.773759,1.19713,0.207171,0.377787,-1.138574
293,-2.043431,-1.1891969999999998,1.222451,-0.331579,0.9280700000000001,0.169532,3.646776,1.902418,0.620192,-1.342615,3.4638370000000003,2.70118
294,-1.8251700000000002,-1.159306,1.258283,-0.38710500000000003,0.9165260000000001,0.10065,-2.903804,10.080953,-3.388466,-1.810573,4.025933,2.342176
295,-1.8650919999999998,-1.088714,1.198365,-0.44369200000000003,0.8860319999999999,0.134482,-1.1776360000000001,-4.953164,-2.252602,-0.42198500000000005,0.42605600000000005,0.049829000000000005
296,-1.9826290000000002,-1.059193,1.148652,-0.448642,0.8719610000000001,0.195972,-2.079427,-0.9385389999999999,-0.308131,1.234133,-0.368589,-0.061739999999999996
297,-2.064202,-1.045191,1.053903,-0.441892,0.8650200000000001,0.237637,-2.546431,-0.43553500000000006,0.845915,1.278623,-1.007766,-0.417691
298,-2.1889849999999997,-1.036194,0.937031,-0.415205,0.8604719999999999,0.29528499999999996,-2.756439,-1.095224,1.098462,0.849959,-1.007932,0.598163
299,-2.25851,-1.0051940000000001,0.8572129999999999,-0.414108,0.844266,0.34019,-2.6314330000000004,0.41808999999999996,-0.76131,-0.210525,-0.10452,-0.09400499999999999
300,-2.267559,-0.936315,0.812381,-0.45460200000000006,0.805379,0.380397,-3.3994480000000005,1.8402630000000002,-2.231961,-0.437259,0.311488,-0.34717800000000004
301,-2.261991,-0.8638809999999999,0.7818689999999999,-0.500423,0.760369,0.414023,-2.697269,1.016131,-2.1394740000000003,0.046856,0.44963800000000004,-0.7985300000000001
302,-2.265904,-0.796077,0.777175,-0.5372170000000001,0.7146170000000001,0.448018,-2.10989,-0.465045,-2.803248,0.456178,0.241941,-0.870259
303,-2.2573529999999997,-0.727142,0.7911189999999999,-0.577814,0.664738,0.473555,-1.547779,0.391855,-2.862377,0.6036630000000001,0.159908,-0.653502
304,-2.237102,-0.682715,0.805422,-0.6099140000000001,0.6309020000000001,0.47955,-0.772047,0.593512,-1.4856200000000002,0.326497,0.366733,-0.5741539999999999
305,-2.227297,-0.6639010000000001,0.808667,-0.623879,0.6161939999999999,0.480707,-0.090049,-0.075236,-0.541032,-0.221412,0.407396,-0.5745640000000001
306,-2.234449,-0.670497,0.817488,-0.617211,0.621375,0.48264300000000004,0.752666,-0.79369,0.439993,-0.052955999999999996,0.472329,-0.43254799999999993
307,-2.257949,-0.703819,0.8314459999999999,-0.589359,0.647134,0.483605,1.967698,-2.203958,1.210862,0.149845,0.16486199999999998,-0.588905
308,-2.290489,-0.763033,0.8606,-0.543509,0.691117,0.47639899999999996,3.161914,-2.698477,1.83086,0.14997,0.156647,-0.579609
309,-2.3164700000000003,-0.8453120000000001,0.893919,-0.487426,0.748178,0.450161,3.791121,-2.294418,2.536559,0.229949,0.41386999999999996,-0.589626
310,-2.329523,-0.9391780000000001,0.9262090000000001,-0.42849799999999993,0.8070729999999999,0.406229,4.089837,-1.682425,2.678867,0.41137700000000005,0.8979280000000001,-0.248942
311,-2.296497,-1.033141,0.996667,-0.38308600000000004,0.8589120000000001,0.339876,4.929988,-1.0584879999999999,1.7641959999999999,0.6887800000000001,0.621893,0.355437
312,-2.201027,-1.116118,1.1073600000000001,-0.35480500000000004,0.898402,0.258818,4.078001,0.608831,1.663173,0.870323,-0.11631300000000001,0.241853
313,-2.139544,-1.1800959999999998,1.147354,-0.320884,0.924643,0.20511,1.749343,1.4299680000000001,2.396816,0.616111,-0.295584,-0.283952
314,-2.13587,-1.228639,1.1415879999999998,-0.28336300000000003,0.942033,0.17966300000000002,0.8546790000000001,-0.5319189999999999,1.752143,-0.346535,-0.9519209999999999,0.8619020000000001
315,-2.173165,-1.247458,1.132803,-0.261812,0.9481799999999999,0.180027,0.023349,-1.5671110000000001,0.279925,-0.629149,-1.042174,1.239376
316,-2.174228,-1.234644,1.124845,-0.271602,0.944031,0.187184,-0.535663,1.786735,-0.6554939999999999,-0.19237200000000002,-1.1430209999999998,0.5903430000000001
317,-2.1383509999999997,-1.234923,1.108846,-0.277919,0.9441229999999999,0.17718,0.003396,2.00009,0.931103,0.973201,-0.970505,-1.018367
318,-2.191838,-1.274192,1.073884,-0.23769899999999997,0.956335,0.170069,0.968348,-3.058751,2.1856,1.415952,-0.713964,-0.935542
319,-2.292161,-1.3079020000000001,1.0561450000000001,-0.195143,0.965642,0.171625,0.414313,-3.9834769999999997,1.0858510000000001,0.71034,1.521449,0.42029399999999995
320,-2.325333,-1.3127959999999999,1.028656,-0.185897,0.966902,0.174763,0.380183,2.6049599999999997,-0.407659,-0.061997000000000003,3.33983,1.555248
321,-2.229507,-1.312319,1.087918,-0.202131,0.96678,0.15645799999999999,0.503636,-0.276962,0.10537,-0.12472799999999999,-0.295516,-1.3624049999999999
322,-2.251111,-1.340019,1.0709389999999999,-0.177812,0.9734889999999999,0.14388299999999998,0.626827,0.6825289999999999,1.675288,-0.573637,-0.226068,-0.642143
323,-2.311286,-1.3789959999999999,0.994705,-0.140709,0.981663,0.128606,0.806126,0.326852,2.020963,-0.885674,0.031077999999999998,-0.6383409999999999
324,-2.294906,-1.416687,1.01306,-0.11498499999999999,0.9881489999999999,0.101689,1.663415,-0.121449,0.96785,-1.3716629999999999,0.5994520000000001,-0.188328
325,-2.265623,-1.4589450000000002,1.0462799999999999,-0.085741,0.993751,0.071464,1.316822,-0.446359,1.800127,-0.9269540000000001,-0.300804,-0.023872
326,-2.359082,-1.490119,0.9672280000000001,-0.056821,0.9967469999999999,0.05715,0.348029,-0.804005,0.9712870000000001,-0.651141,-0.065473,0.556345
327,-2.5197830000000003,-1.479423,0.8299540000000001,-0.053152,0.995828,0.074168,-1.438839,-1.3985020000000001,-0.38959699999999997,-0.546381,0.488196,1.147405
328,-2.6120240000000003,-1.438185,0.7681439999999999,-0.066794,0.9912200000000001,0.11411199999999999,-2.149032,-1.680177,-0.9945370000000001,-0.269204,0.372717,1.156655
329,-2.676539,-1.382943,0.739156,-0.083752,0.9824069999999999,0.166917,-2.728312,-1.642164,-1.206936,0.204404,0.364745,0.332411
330,-2.673298,-1.318107,0.752961,-0.112845,0.9682440000000001,0.22309299999999999,-2.858668,0.0228,-1.87655,0.29125100000000004,0.687991,-0.7837770000000001
331,-2.637536,-1.24888,0.805855,-0.152808,0.948631,0.277036,-2.571671,-1.542737,-2.495313,0.203986,1.093224,-1.2611059999999998
332,-2.627574,-1.179671,0.8742200000000001,-0.187443,0.924481,0.331964,-2.3174330000000003,-2.9687799999999998,-2.805767,0.118671,1.249378,-1.259973
333,-2.589638,-1.112637,0.954227,-0.23192,0.896868,0.376617,-1.9110650000000002,-1.12853,-3.553042,-0.056471,2.1387150000000004,-0.93074
334,-2.5052380000000003,-1.039759,1.075277,-0.300954,0.862282,0.407303,-1.178027,-0.888683,-4.759593,-1.363246,0.92263,-0.495957
335,-2.448327,-0.9570639999999999,1.184402,-0.36804499999999996,0.817504,0.442979,-1.610832,-2.9272560000000003,-4.741844,-0.514844,1.126969,-0.391404
336,-2.474307,-0.880357,1.259156,-0.394135,0.770966,0.500269,-1.342445,-4.543425,-3.873706,0.25299099999999997,1.627197,-0.520533
337,-2.5138990000000003,-0.8217969999999999,1.32162,-0.399882,0.732371,0.5511149999999999,-1.1011090000000001,-4.292391,-3.1918849999999996,0.414943,0.828634,-0.831449
338,-2.56757,-0.768133,1.370109,-0.39054099999999997,0.6947939999999999,0.6039359999999999,-1.236285,-4.402717,-2.658577,0.317741,0.339294,-0.7719199999999999
339,-2.6199049999999997,-0.7307819999999999,1.407062,-0.371093,0.667452,0.6455989999999999,-0.652911,-3.4628699999999997,-1.901541,0.46553,0.153593,-0.865569
340,-2.650386,-0.708707,1.4457520000000001,-0.358109,0.6508520000000001,0.669439,-0.001399,-2.475972,-1.7807509999999998,0.714662,-0.11030999999999999,-0.94515
341,-2.667564,-0.70155,1.490047,-0.348674,0.645402,0.679619,0.752848,-2.274916,-1.5653,0.8469040000000001,-0.31605700000000003,-0.895134
342,-2.68708,-0.712487,1.53662,-0.332227,0.653718,0.67991,1.607111,-2.674652,-1.176398,0.723004,-0.48570399999999997,-0.906885
343,-2.71444,-0.742777,1.58018,-0.305157,0.6763359999999999,0.6704100000000001,2.3009049999999998,-2.7645150000000003,-0.618097,0.628918,-0.614187,-0.8760370000000001
344,-2.7363619999999997,-0.7872100000000001,1.617212,-0.278258,0.708387,0.6486609999999999,2.714831,-2.1061419999999997,-0.186624,0.648528,-0.7812020000000001,-0.858988
345,-2.7402509999999998,-0.844045,1.644839,-0.25956799999999997,0.747337,0.611647,3.203256,-0.389635,0.633914,0.939118,-1.350196,-0.8345629999999999
346,-2.721118,-0.923193,1.64778,-0.246254,0.797532,0.550729,3.862586,1.347897,1.9085450000000002,1.1048200000000001,-1.1692360000000002,-0.900536
347,-2.730138,-1.010738,1.630042,-0.212464,0.847224,0.48689799999999994,3.7614650000000003,-0.647154,2.475485,0.4796,-0.7554270000000001,-0.865713
348,-2.8178509999999997,-1.102718,1.577947,-0.143525,0.892437,0.42773500000000003,3.4086629999999998,-3.295549,3.076755,-0.102248,-0.17283199999999999,-0.39653
349,-3.040997,-1.0690620000000002,1.486446,-0.0483,0.87675,0.478516,-4.291819,-6.899057000000001,-0.17921800000000002,-1.78512,3.8428089999999995,4.088043
350,-3.033029,-1.032692,1.5803909999999999,-0.055529999999999996,0.858682,0.5094920000000001,0.06878300000000001,-1.49279,-2.888198,-1.7910119999999998,1.750663,1.169982
351,-2.9561900000000003,-1.056475,1.6761259999999998,-0.090686,0.870627,0.483513,1.9333369999999999,-0.40357600000000005,-1.7015259999999999,-0.940091,-0.099326,-0.519066
352,-2.907721,-1.079984,1.731198,-0.109232,0.88195,0.45851099999999995,0.718023,0.9509690000000001,-0.794148,-0.20720500000000003,0.288155,-1.096634
353,-2.8417060000000003,-1.056772,1.735025,-0.14525,0.8707729999999999,0.46974099999999996,-2.16277,4.115026,-0.209439,0.054627999999999996,1.5764770000000001,-1.083801
354,-2.786063,-0.9969959999999999,1.7070759999999998,-0.188951,0.839844,0.508881,-2.971223,3.25897,-0.413746,0.897509,0.712112,-1.255997
355,-2.7994470000000002,-0.963209,1.7077759999999997,-0.191538,0.8210280000000001,0.537798,-0.27267800000000003,-3.030597,-0.842968,1.102061,-0.414473,-0.819475
356,-2.856321,-0.979301,1.74273,-0.15692,0.830108,0.535067,1.662571,-4.228139,-0.34721599999999997,0.5637800000000001,-1.02394,-1.574969
357,-2.916802,-1.033179,1.740949,-0.114146,0.858931,0.49920699999999996,2.9918549999999997,-2.317806,1.35489,0.091288,-1.203429,-1.791855
358,-3.030235,-1.090557,1.6782099999999998,-0.05134,0.886884,0.45913000000000004,2.19611,-3.5988,2.176708,-0.440008,-0.189634,-1.80935
359,-3.13176,-1.127977,1.605624,-0.004213000000000001,0.903547,0.428468,1.609337,0.46779,1.246592,-0.962828,1.9147509999999999,0.312209
360,-3.139624,-1.153429,1.568554,-0.000798,0.914159,0.405354,1.17303,0.5613319999999999,0.6110369999999999,-0.27962800000000004,1.532175,-0.20613499999999998
361,3.099615,-1.183123,1.544593,0.015864,0.925791,0.377703,1.7524330000000001,-1.8268849999999999,0.342543,0.20520500000000003,0.08539400000000001,-0.79056
362,3.033209,-1.2267540000000001,1.511727,0.036486000000000005,0.941399,0.335316,2.444855,-1.603285,0.5682149999999999,0.369291,-0.136299,-0.393452
363,2.91572,-1.273073,1.425693,0.065696,0.9560069999999999,0.285893,2.483095,-1.9713,1.190659,0.407479,-0.11811600000000001,-0.147465
364,2.725805,-1.307731,1.2656290000000001,0.10503399999999999,0.9655969999999999,0.23788600000000001,2.228866,-1.499608,1.7330720000000002,0.384865,0.020059,0.10841300000000001
365,2.515143,-1.322746,1.062677,0.143938,0.9693930000000001,0.19889500000000002,1.737689,-0.264878,1.872265,0.025845999999999997,0.091062,0.267307
366,2.329759,-1.320082,0.8737149999999999,0.180006,0.968735,0.170732,1.2454120000000002,-0.213804,1.7811669999999997,-0.24972399999999997,-0.078324,0.05770700000000001
367,2.1897450000000003,-1.308671,0.737368,0.21106100000000003,0.965841,0.150344,0.8421540000000001,-0.374822,1.372632,-0.309587,-0.22484400000000002,0.027344999999999998
368,2.107796,-1.297959,0.648879,0.231537,0.96301,0.137848,0.5924689999999999,0.602545,0.929528,-0.326706,-0.25101999999999997,0.092102
369,2.079453,-1.289298,0.590642,0.242627,0.9606399999999999,0.13528800000000002,0.43228900000000003,1.7821529999999999,0.715389,-0.337231,-0.170159,-0.016574000000000002
370,2.065832,-1.280556,0.538654,0.251827,0.958175,0.135955,0.434699,1.662607,0.772175,-0.41460699999999995,0.039582,-0.225219
371,2.044095,-1.269051,0.488785,0.264517,0.9548190000000001,0.135465,0.312305,1.120392,0.875633,-0.592352,0.193023,-0.147581
372,2.027786,-1.255205,0.452905,0.27852899999999997,0.9506129999999999,0.136954,0.115449,0.719635,0.833111,-0.7025399999999999,0.199015,-0.013281
373,2.014801,-1.243084,0.429313,0.290668,0.946781,0.138266,0.03163,0.372442,0.618257,-0.9514950000000001,0.15292,0.14927100000000001
374,2.0140919999999998,-1.234273,0.424634,0.298291,0.943908,0.14163199999999998,-0.226762,0.007109999999999999,0.29538600000000004,-1.206265,0.342148,0.44804399999999994
375,2.034708,-1.2295,0.455445,0.299333,0.942321,0.149765,-0.872067,-0.700206,-0.216689,-1.288561,0.31846599999999997,0.434982
376,2.1132,-1.222437,0.562285,0.292362,0.939934,0.176207,-2.3033810000000003,-1.3652790000000001,-0.7546039999999999,-1.289783,0.251655,0.358919
377,2.22743,-1.203198,0.729785,0.284644,0.933193,0.21938200000000002,-3.222999,-2.628342,-0.844867,-0.940802,0.537266,-0.23143699999999998
378,2.314336,-1.1769,0.900176,0.282499,0.9234209999999999,0.259786,-3.222636,-4.180783,-1.293665,-0.965299,0.657222,-0.513738
379,2.374564,-1.165454,1.076457,0.273667,0.918968,0.28391,-2.564,-5.517377,-2.4773509999999996,-1.119995,1.14135,-1.2034049999999998
380,2.453084,-1.175015,1.26762,0.24495999999999998,0.922696,0.297703,-1.949509,-4.030985,-3.3583830000000003,-0.9740549999999999,1.2224,-1.38361
381,2.5989139999999997,-1.1872790000000002,1.478467,0.19324000000000002,0.9273540000000001,0.320425,-1.7626990000000002,-1.748398,-3.7114480000000003,-0.49838599999999994,1.0513139999999999,-1.519949
382,2.775213,-1.191011,1.6971310000000002,0.13280699999999998,0.928744,0.346117,-1.546188,-1.277282,-3.698789,-0.330011,0.588178,-0.982576
383,2.936768,-1.1819950000000001,1.907011,0.07710299999999999,0.925364,0.371155,-1.504779,-1.981783,-3.646322,-0.343964,0.622152,-0.8232430000000001
384,3.060289,-1.1660620000000002,2.10411,0.03198,0.919207,0.392474,-1.231982,-3.477321,-3.643568,-0.331113,0.605711,-0.502826
385,-3.1333159999999998,-1.145089,2.2806330000000004,-0.003418,0.910747,0.412951,-1.134458,-3.3933419999999996,-3.4176,-0.14975,0.496205,-0.541643
386,-3.057028,-1.1229879999999999,2.434024,-0.036572,0.9013979999999999,0.43144399999999994,-0.7704,-3.156718,-3.233763,-0.06894299999999999,0.368881,-0.561265
387,-3.013573,-1.106684,2.569084,-0.057149,0.8942190000000001,0.443967,-0.343277,-4.4144,-2.907633,0.16428099999999998,0.047614,-0.8908809999999999
388,-3.001177,-1.096742,2.6882610000000002,-0.063889,0.889725,0.45200500000000005,0.00321,-4.680861,-2.639952,0.08667000000000001,-0.248138,-0.847909
389,-2.998657,-1.093952,2.79172,-0.065381,0.8884479999999999,0.454297,0.302792,-4.25769,-2.165179,0.02136,-0.335607,-0.7940189999999999
390,-2.999746,-1.097618,2.8733169999999997,-0.064425,0.890124,0.45114099999999996,0.5382899999999999,-3.330602,-1.645566,0.039813,-0.310931,-0.843108
391,-3.001134,-1.107887,2.939478,-0.062516,0.894757,0.442155,0.82963,-2.954887,-1.284022,0.064836,-0.27439600000000003,-0.904329
392,-3.0108610000000002,-1.124588,2.996412,-0.056255999999999994,0.90209,0.42786599999999997,1.091285,-3.131465,-1.042686,0.10011,-0.26154099999999997,-0.877008
393,-3.027875,-1.146176,3.04869,-0.046748000000000005,0.9111950000000001,0.409314,1.26013,-3.207027,-0.940997,0.20888800000000002,-0.26403899999999997,-0.829724
394,-3.035151,-1.172628,3.0988130000000003,-0.041193,0.921773,0.385536,1.5691110000000001,-2.165941,-0.754302,0.511804,-0.57903,-0.651115
395,-3.021382,-1.210071,3.138678,-0.042327,0.935641,0.350406,2.1905099999999997,-0.538523,-0.413421,0.683409,-0.712298,-0.47371199999999997
396,-2.9727360000000003,-1.26105,-3.102102,-0.051226,0.952411,0.300481,2.876185,0.946731,-0.273802,0.394915,-0.584217,-0.296133
397,-2.894703,-1.327498,-3.0534689999999998,-0.058875,0.970549,0.2336,3.724122,1.7063259999999998,0.309055,0.17719100000000002,-0.322325,-0.123524
398,-2.9620759999999997,-1.3879780000000002,-3.104839,-0.032461000000000004,0.9833350000000001,0.17887999999999998,0.954153,-4.401787000000001,1.864616,0.15711,1.295641,1.458861
399,-3.051735,-1.363594,-3.109126,-0.018461,0.9786100000000001,0.204893,-1.226441,-1.723097,-1.448445,-1.8388080000000002,1.8525209999999999,2.468279
400,-2.8698639999999997,-1.365912,-2.935892,-0.054605999999999995,0.979085,0.195989,1.273013,1.095313,-1.406824,-1.8858849999999998,0.043041,0.36922699999999997
401,-2.75221,-1.389833,-2.830832,-0.06832200000000001,0.983671,0.166505,1.188569,0.837233,-0.198924,-0.9718389999999999,-0.8615389999999999,-0.463318
402,-2.65265,-1.3949719999999999,-2.7663900000000003,-0.08215800000000001,0.984583,0.154424,0.213259,2.270886,-0.632726,-0.379893,-0.8675940000000001,-1.29685
403,-2.5416790000000002,-1.393917,-2.7184,-0.099341,0.984398,0.145233,0.18227000000000002,3.7262120000000003,-0.113515,0.231055,0.281609,-1.397446
404,-2.530202,-1.390832,-2.7535,-0.102744,0.98385,0.14657,-1.591169,-0.256452,-0.008636,0.316169,2.500861,0.871848
405,-2.6156040000000003,-1.351134,-2.7934360000000003,-0.109401,0.9759709999999999,0.188446,-0.882397,-2.297189,-0.705028,-0.010487999999999999,0.8219870000000001,-0.11961400000000001
406,-2.606953,-1.356738,-2.71571,-0.10823800000000001,0.9771770000000001,0.182784,1.121443,-3.849067,-0.634563,-0.058723000000000004,-0.252644,-0.557982
407,-2.592746,-1.368791,-2.626274,-0.104672,0.979666,0.171167,1.035097,-3.16977,-0.206612,0.283413,-0.9349270000000001,-0.684045
408,-2.5732209999999998,-1.40491,-2.5899520000000003,-0.08888099999999999,0.9862719999999999,0.139165,2.1246,0.604838,1.160281,0.53694,-0.8458760000000001,-0.794316
409,-2.6061259999999997,-1.454593,-2.6453759999999997,-0.059159,0.9932559999999999,0.099714,1.348968,0.8326790000000001,1.8638709999999998,0.7045899999999999,-0.45295799999999997,-0.442853
410,-2.902869,-1.4779639999999998,-2.935942,-0.02192,0.9956940000000001,0.09007000000000001,0.428663,-0.992158,1.6012709999999999,-0.341621,0.7858149999999999,0.138049
411,-3.091725,-1.504163,-3.102,-0.003319,0.9977809999999999,0.066501,1.533943,-1.026263,0.382716,-0.7946850000000001,0.820991,0.171048
412,-3.009864,-1.5270620000000001,-3.018555,-0.005743,0.999044,0.043342,0.834465,0.524608,-0.299273,-1.097742,0.5603279999999999,0.25417399999999996
413,-2.668313,-1.5381209999999998,-2.697723,-0.014891,0.999466,0.029077999999999996,0.728317,1.160674,-0.497382,-0.24595799999999998,-0.25909499999999996,0.28010999999999997
414,-2.091278,-1.542133,-2.1345669999999997,-0.024866,0.999589,0.014253,0.692126,0.328422,-0.39829200000000003,0.080637,-0.33311599999999997,0.08416599999999999
415,-1.7288310000000002,-1.545186,-1.7620779999999998,-0.025287,0.9996719999999999,0.00403,0.37538,-0.940581,0.20680300000000001,0.215655,-0.424278,-0.070543
416,-1.798603,-1.551044,-1.811562,-0.01924,0.9998049999999999,0.00446,-0.217421,-0.79177,0.268698,-0.21350300000000003,-0.36359,0.483699
417,-2.294114,-1.550751,-2.304734,-0.015024000000000001,0.999799,0.013265,-0.512262,0.227994,0.184147,-0.25235599999999997,-0.429349,0.40687
418,-2.63387,-1.544935,-2.652687,-0.012573,0.9996659999999999,0.022598,-0.408693,0.407969,0.108796,-0.17941300000000002,-0.457872,0.305329
419,-2.8299,-1.541115,-2.855237,-0.009101,0.99956,0.028247,-0.233802,0.285385,0.24263400000000002,0.008674,-0.270525,-0.11093399999999999
420,-3.011175,-1.538114,-3.044795,-0.00425,0.999466,0.032401,-0.22935500000000003,0.542184,0.22204000000000002,-0.177467,-0.185944,0.149606
421,-3.05212,-1.535031,-3.103544,-0.003195,0.999361,0.035615,-0.069156,1.070889,0.001359,-0.27569,-0.195772,0.257431
422,-2.990181,-1.53377,-3.064237,-0.005584,0.999315,0.036594999999999996,-0.095061,1.131081,-0.10999400000000001,-0.354371,-0.251863,0.06615800000000001
423,-2.961188,-1.529811,-3.0508290000000002,-0.007352,0.99916,0.040309,-0.283911,0.527281,0.000556,-0.579867,-0.198669,0.158208
424,-3.005288,-1.517584,-3.1044650000000003,-0.007227,0.9985850000000001,0.052693,-0.917551,0.530625,-0.019898,-1.071951,-0.182194,0.889812
425,-2.981562,-1.4879200000000001,-3.0865720000000003,-0.013191,0.996568,0.081724,-1.65897,-0.126573,-0.46113699999999996,-0.6548390000000001,-0.031922000000000006,0.473132
426,-2.93795,-1.445943,-3.0355849999999998,-0.025185,0.992216,0.121956,-2.380823,-0.277528,-0.712745,-0.17255399999999999,-0.036619,0.506081
427,-2.905064,-1.38862,-2.994729,-0.042454,0.983452,0.176126,-2.994811,-0.301548,-1.0994270000000002,0.08871799999999999,-0.075081,0.081045
428,-2.873226,-1.311836,-2.955093,-0.0679,0.966657,0.24691,-3.786718,-0.548488,-1.528726,0.050231,0.006793,0.0063100000000000005
429,-2.838466,-1.23101,-2.905735,-0.099488,0.942826,0.31809,-3.480443,-0.576225,-2.049979,-0.013198,0.102752,-0.223608
430,-2.784885,-1.158671,-2.828841,-0.139871,0.916271,0.375343,-2.708205,-1.0916489999999999,-2.760702,-0.08290700000000001,0.09058,-0.495674
431,-2.7341509999999998,-1.089035,-2.757343,-0.183604,0.88618,0.42541,-2.631293,-0.141499,-2.5423970000000002,-0.23772100000000002,0.23148000000000002,-0.197047
432,-2.684556,-1.029508,-2.7250389999999998,-0.227371,0.8570459999999999,0.462358,-2.253086,1.541146,-1.6830610000000001,-0.220887,0.43322200000000005,-0.164965
433,-2.6453130000000002,-0.9769540000000001,-2.704097,-0.266434,0.8287969999999999,0.492046,-1.9800490000000002,0.592019,-1.661777,-0.439621,0.71109,-0.516918
434,-2.630665,-0.942106,-2.6924799999999998,-0.287566,0.8087979999999999,0.5129819999999999,-0.801484,0.26561599999999996,-0.713091,-0.643846,1.073205,-0.381742
435,-2.622877,-0.941469,-2.686673,-0.291808,0.808423,0.511175,0.42879399999999995,-0.052029,0.132327,-0.249696,0.752001,-0.48572299999999996
436,-2.632187,-0.9620129999999999,-2.683334,-0.278877,0.8203440000000001,0.499262,1.276838,-0.8460559999999999,0.5612159999999999,0.384208,-0.49124300000000004,-0.411753
437,-2.64253,-1.004807,-2.6755560000000003,-0.256651,0.844059,0.47084499999999996,2.4517130000000003,-0.7871130000000001,1.052183,0.26248,-0.774967,-0.24187199999999998
438,-2.644099,-1.077019,-2.6632689999999997,-0.226183,0.880549,0.416504,3.838392,-0.46739899999999995,1.681028,0.175112,-0.881647,-0.093185
